tick,row,col,elevation,water
0,0,0,20,0
0,0,1,18,0
0,0,2,17,0
0,0,3,20,0
0,0,4,17,0
0,0,5,18,0
0,0,6,20,0
0,1,0,17,0
0,1,1,15,0
0,1,2,14,0
0,1,3,17,0
0,1,4,14,0
0,1,5,15,0
0,1,6,17,0
0,2,0,14,0
0,2,1,12,0
0,2,2,11,0
0,2,3,14,0
0,2,4,11,0
0,2,5,12,0
0,2,6,14,0
0,3,0,11,0
0,3,1,9,0
0,3,2,9,0
0,3,3,11,0
0,3,4,8,0
0,3,5,9,0
0,3,6,11,0
0,4,0,8,0
0,4,1,6,0
0,4,2,5,0
0,4,3,8,0
0,4,4,5,0
0,4,5,6,0
0,4,6,8,0
0,5,0,5,0
0,5,1,3,0
0,5,2,2,0
0,5,3,5,0
0,5,4,2,0
0,5,5,3,0
0,5,6,5,0
0,6,0,2,0
0,6,1,0,0
0,6,2,-1,0
0,6,3,2,0
0,6,4,-1,0
0,6,5,0,0
0,6,6,2,0
1,0,0,20,0
1,0,1,18,0
1,0,2,17,0
1,0,3,20,1
1,0,4,17,0
1,0,5,18,0
1,0,6,20,0
1,1,0,17,0
1,1,1,15,0
1,1,2,14,0
1,1,3,17,0
1,1,4,14,0
1,1,5,15,0
1,1,6,17,0
1,2,0,14,0
1,2,1,12,0
1,2,2,11,0
1,2,3,14,0
1,2,4,11,0
1,2,5,12,0
1,2,6,14,0
1,3,0,11,0
1,3,1,9,0
1,3,2,9,0
1,3,3,11,0
1,3,4,8,0
1,3,5,9,0
1,3,6,11,0
1,4,0,8,0
1,4,1,6,0
1,4,2,5,0
1,4,3,8,0
1,4,4,5,0
1,4,5,6,0
1,4,6,8,0
1,5,0,5,0
1,5,1,3,0
1,5,2,2,0
1,5,3,5,0
1,5,4,2,0
1,5,5,3,0
1,5,6,5,0
1,6,0,2,0
1,6,1,0,0
1,6,2,-1,0
1,6,3,2,0
1,6,4,-1,0
1,6,5,0,0
1,6,6,2,0
2,0,0,20,0
2,0,1,18,0
2,0,2,17,0
2,0,3,20,2
2,0,4,17,0
2,0,5,18,0
2,0,6,20,0
2,1,0,17,0
2,1,1,15,0
2,1,2,14,0
2,1,3,17,0
2,1,4,14,0
2,1,5,15,0
2,1,6,17,0
2,2,0,14,0
2,2,1,12,0
2,2,2,11,0
2,2,3,14,0
2,2,4,11,0
2,2,5,12,0
2,2,6,14,0
2,3,0,11,0
2,3,1,9,0
2,3,2,9,0
2,3,3,11,0
2,3,4,8,0
2,3,5,9,0
2,3,6,11,0
2,4,0,8,0
2,4,1,6,0
2,4,2,5,0
2,4,3,8,0
2,4,4,5,0
2,4,5,6,0
2,4,6,8,0
2,5,0,5,0
2,5,1,3,0
2,5,2,2,0
2,5,3,5,0
2,5,4,2,0
2,5,5,3,0
2,5,6,5,0
2,6,0,2,0
2,6,1,0,0
2,6,2,-1,0
2,6,3,2,0
2,6,4,-1,0
2,6,5,0,0
2,6,6,2,0
3,0,0,20,0
3,0,1,18,0
3,0,2,17,1
3,0,3,20,0
3,0,4,17,1
3,0,5,18,0
3,0,6,20,0
3,1,0,17,0
3,1,1,15,0
3,1,2,14,0
3,1,3,17,1
3,1,4,14,0
3,1,5,15,0
3,1,6,17,0
3,2,0,14,0
3,2,1,12,0
3,2,2,11,0
3,2,3,14,0
3,2,4,11,0
3,2,5,12,0
3,2,6,14,0
3,3,0,11,0
3,3,1,9,0
3,3,2,9,0
3,3,3,11,0
3,3,4,8,0
3,3,5,9,0
3,3,6,11,0
3,4,0,8,0
3,4,1,6,0
3,4,2,5,0
3,4,3,8,0
3,4,4,5,0
3,4,5,6,0
3,4,6,8,0
3,5,0,5,0
3,5,1,3,0
3,5,2,2,0
3,5,3,5,0
3,5,4,2,0
3,5,5,3,0
3,5,6,5,0
3,6,0,2,0
3,6,1,0,0
3,6,2,-1,0
3,6,3,2,0
3,6,4,-1,0
3,6,5,0,0
3,6,6,2,0
4,0,0,20,0
4,0,1,18,0
4,0,2,17,1
4,0,3,20,1
4,0,4,17,1
4,0,5,18,0
4,0,6,20,0
4,1,0,17,0
4,1,1,15,0
4,1,2,14,0
4,1,3,17,1
4,1,4,14,0
4,1,5,15,0
4,1,6,17,0
4,2,0,14,0
4,2,1,12,0
4,2,2,11,0
4,2,3,14,0
4,2,4,11,0
4,2,5,12,0
4,2,6,14,0
4,3,0,11,0
4,3,1,9,0
4,3,2,9,0
4,3,3,11,0
4,3,4,8,0
4,3,5,9,0
4,3,6,11,0
4,4,0,8,0
4,4,1,6,0
4,4,2,5,0
4,4,3,8,0
4,4,4,5,0
4,4,5,6,0
4,4,6,8,0
4,5,0,5,0
4,5,1,3,0
4,5,2,2,0
4,5,3,5,0
4,5,4,2,0
4,5,5,3,0
4,5,6,5,0
4,6,0,2,0
4,6,1,0,0
4,6,2,-1,0
4,6,3,2,0
4,6,4,-1,0
4,6,5,0,0
4,6,6,2,0
5,0,0,20,0
5,0,1,18,0
5,0,2,17,1
5,0,3,20,2
5,0,4,17,1
5,0,5,18,0
5,0,6,20,0
5,1,0,17,0
5,1,1,15,0
5,1,2,14,0
5,1,3,17,1
5,1,4,14,0
5,1,5,15,0
5,1,6,17,0
5,2,0,14,0
5,2,1,12,0
5,2,2,11,0
5,2,3,14,0
5,2,4,11,0
5,2,5,12,0
5,2,6,14,0
5,3,0,11,0
5,3,1,9,0
5,3,2,9,0
5,3,3,11,0
5,3,4,8,0
5,3,5,9,0
5,3,6,11,0
5,4,0,8,0
5,4,1,6,0
5,4,2,5,0
5,4,3,8,0
5,4,4,5,0
5,4,5,6,0
5,4,6,8,0
5,5,0,5,0
5,5,1,3,0
5,5,2,2,0
5,5,3,5,0
5,5,4,2,0
5,5,5,3,0
5,5,6,5,0
5,6,0,2,0
5,6,1,0,0
5,6,2,-1,0
5,6,3,2,0
5,6,4,-1,0
5,6,5,0,0
5,6,6,2,0
6,0,0,20,0
6,0,1,18,0
6,0,2,17,1
6,0,3,20,3
6,0,4,17,1
6,0,5,18,0
6,0,6,20,0
6,1,0,17,0
6,1,1,15,0
6,1,2,14,0
6,1,3,17,1
6,1,4,14,0
6,1,5,15,0
6,1,6,17,0
6,2,0,14,0
6,2,1,12,0
6,2,2,11,0
6,2,3,14,0
6,2,4,11,0
6,2,5,12,0
6,2,6,14,0
6,3,0,11,0
6,3,1,9,0
6,3,2,9,0
6,3,3,11,0
6,3,4,8,0
6,3,5,9,0
6,3,6,11,0
6,4,0,8,0
6,4,1,6,0
6,4,2,5,0
6,4,3,8,0
6,4,4,5,0
6,4,5,6,0
6,4,6,8,0
6,5,0,5,0
6,5,1,3,0
6,5,2,2,0
6,5,3,5,0
6,5,4,2,0
6,5,5,3,0
6,5,6,5,0
6,6,0,2,0
6,6,1,0,0
6,6,2,-1,0
6,6,3,2,0
6,6,4,-1,0
6,6,5,0,0
6,6,6,2,0
7,0,0,20,0
7,0,1,18,0
7,0,2,17,2
7,0,3,20,1
7,0,4,17,2
7,0,5,18,0
7,0,6,20,0
7,1,0,17,0
7,1,1,15,0
7,1,2,14,0
7,1,3,17,2
7,1,4,14,0
7,1,5,15,0
7,1,6,17,0
7,2,0,14,0
7,2,1,12,0
7,2,2,11,0
7,2,3,14,0
7,2,4,11,0
7,2,5,12,0
7,2,6,14,0
7,3,0,11,0
7,3,1,9,0
7,3,2,9,0
7,3,3,11,0
7,3,4,8,0
7,3,5,9,0
7,3,6,11,0
7,4,0,8,0
7,4,1,6,0
7,4,2,5,0
7,4,3,8,0
7,4,4,5,0
7,4,5,6,0
7,4,6,8,0
7,5,0,5,0
7,5,1,3,0
7,5,2,2,0
7,5,3,5,0
7,5,4,2,0
7,5,5,3,0
7,5,6,5,0
7,6,0,2,0
7,6,1,0,0
7,6,2,-1,0
7,6,3,2,0
7,6,4,-1,0
7,6,5,0,0
7,6,6,2,0
8,0,0,20,0
8,0,1,18,0
8,0,2,17,1
8,0,3,20,2
8,0,4,17,1
8,0,5,18,0
8,0,6,20,0
8,1,0,17,0
8,1,1,15,0
8,1,2,14,2
8,1,3,17,-1
8,1,4,14,2
8,1,5,15,0
8,1,6,17,0
8,2,0,14,0
8,2,1,12,0
8,2,2,11,0
8,2,3,14,1
8,2,4,11,0
8,2,5,12,0
8,2,6,14,0
8,3,0,11,0
8,3,1,9,0
8,3,2,9,0
8,3,3,11,0
8,3,4,8,0
8,3,5,9,0
8,3,6,11,0
8,4,0,8,0
8,4,1,6,0
8,4,2,5,0
8,4,3,8,0
8,4,4,5,0
8,4,5,6,0
8,4,6,8,0
8,5,0,5,0
8,5,1,3,0
8,5,2,2,0
8,5,3,5,0
8,5,4,2,0
8,5,5,3,0
8,5,6,5,0
8,6,0,2,0
8,6,1,0,0
8,6,2,-1,0
8,6,3,2,0
8,6,4,-1,0
8,6,5,0,0
8,6,6,2,0
9,0,0,20,0
9,0,1,18,0
9,0,2,17,1
9,0,3,20,2
9,0,4,17,1
9,0,5,18,0
9,0,6,20,0
9,1,0,17,0
9,1,1,15,0
9,1,2,14,1
9,1,3,17,0
9,1,4,14,1
9,1,5,15,0
9,1,6,17,0
9,2,0,14,0
9,2,1,12,0
9,2,2,11,1
9,2,3,14,1
9,2,4,11,1
9,2,5,12,0
9,2,6,14,0
9,3,0,11,0
9,3,1,9,0
9,3,2,9,0
9,3,3,11,0
9,3,4,8,0
9,3,5,9,0
9,3,6,11,0
9,4,0,8,0
9,4,1,6,0
9,4,2,5,0
9,4,3,8,0
9,4,4,5,0
9,4,5,6,0
9,4,6,8,0
9,5,0,5,0
9,5,1,3,0
9,5,2,2,0
9,5,3,5,0
9,5,4,2,0
9,5,5,3,0
9,5,6,5,0
9,6,0,2,0
9,6,1,0,0
9,6,2,-1,0
9,6,3,2,0
9,6,4,-1,0
9,6,5,0,0
9,6,6,2,0
10,0,0,20,0
10,0,1,18,0
10,0,2,17,1
10,0,3,20,2
10,0,4,17,1
10,0,5,18,0
10,0,6,20,0
10,1,0,17,0
10,1,1,15,0
10,1,2,14,1
10,1,3,17,1
10,1,4,14,1
10,1,5,15,0
10,1,6,17,0
10,2,0,14,0
10,2,1,12,0
10,2,2,11,1
10,2,3,14,1
10,2,4,11,1
10,2,5,12,0
10,2,6,14,0
10,3,0,11,0
10,3,1,9,0
10,3,2,9,0
10,3,3,11,0
10,3,4,8,0
10,3,5,9,0
10,3,6,11,0
10,4,0,8,0
10,4,1,6,0
10,4,2,5,0
10,4,3,8,0
10,4,4,5,0
10,4,5,6,0
10,4,6,8,0
10,5,0,5,0
10,5,1,3,0
10,5,2,2,0
10,5,3,5,0
10,5,4,2,0
10,5,5,3,0
10,5,6,5,0
10,6,0,2,0
10,6,1,0,0
10,6,2,-1,0
10,6,3,2,0
10,6,4,-1,0
10,6,5,0,0
10,6,6,2,0
11,0,0,20,0
11,0,1,18,0
11,0,2,17,1
11,0,3,20,3
11,0,4,17,1
11,0,5,18,0
11,0,6,20,0
11,1,0,17,0
11,1,1,15,0
11,1,2,14,1
11,1,3,17,1
11,1,4,14,1
11,1,5,15,0
11,1,6,17,0
11,2,0,14,0
11,2,1,12,0
11,2,2,11,1
11,2,3,14,1
11,2,4,11,1
11,2,5,12,0
11,2,6,14,0
11,3,0,11,0
11,3,1,9,0
11,3,2,9,0
11,3,3,11,0
11,3,4,8,0
11,3,5,9,0
11,3,6,11,0
11,4,0,8,0
11,4,1,6,0
11,4,2,5,0
11,4,3,8,0
11,4,4,5,0
11,4,5,6,0
11,4,6,8,0
11,5,0,5,0
11,5,1,3,0
11,5,2,2,0
11,5,3,5,0
11,5,4,2,0
11,5,5,3,0
11,5,6,5,0
11,6,0,2,0
11,6,1,0,0
11,6,2,-1,0
11,6,3,2,0
11,6,4,-1,0
11,6,5,0,0
11,6,6,2,0
12,0,0,20,0
12,0,1,18,0
12,0,2,17,2
12,0,3,20,1
12,0,4,17,2
12,0,5,18,0
12,0,6,20,0
12,1,0,17,0
12,1,1,15,0
12,1,2,14,1
12,1,3,17,2
12,1,4,14,1
12,1,5,15,0
12,1,6,17,0
12,2,0,14,0
12,2,1,12,0
12,2,2,11,1
12,2,3,14,1
12,2,4,11,1
12,2,5,12,0
12,2,6,14,0
12,3,0,11,0
12,3,1,9,0
12,3,2,9,0
12,3,3,11,0
12,3,4,8,0
12,3,5,9,0
12,3,6,11,0
12,4,0,8,0
12,4,1,6,0
12,4,2,5,0
12,4,3,8,0
12,4,4,5,0
12,4,5,6,0
12,4,6,8,0
12,5,0,5,0
12,5,1,3,0
12,5,2,2,0
12,5,3,5,0
12,5,4,2,0
12,5,5,3,0
12,5,6,5,0
12,6,0,2,0
12,6,1,0,0
12,6,2,-1,0
12,6,3,2,0
12,6,4,-1,0
12,6,5,0,0
12,6,6,2,0
13,0,0,20,0
13,0,1,18,0
13,0,2,17,2
13,0,3,20,2
13,0,4,17,2
13,0,5,18,0
13,0,6,20,0
13,1,0,17,0
13,1,1,15,0
13,1,2,14,1
13,1,3,17,2
13,1,4,14,1
13,1,5,15,0
13,1,6,17,0
13,2,0,14,0
13,2,1,12,0
13,2,2,11,1
13,2,3,14,1
13,2,4,11,1
13,2,5,12,0
13,2,6,14,0
13,3,0,11,0
13,3,1,9,0
13,3,2,9,0
13,3,3,11,0
13,3,4,8,0
13,3,5,9,0
13,3,6,11,0
13,4,0,8,0
13,4,1,6,0
13,4,2,5,0
13,4,3,8,0
13,4,4,5,0
13,4,5,6,0
13,4,6,8,0
13,5,0,5,0
13,5,1,3,0
13,5,2,2,0
13,5,3,5,0
13,5,4,2,0
13,5,5,3,0
13,5,6,5,0
13,6,0,2,0
13,6,1,0,0
13,6,2,-1,0
13,6,3,2,0
13,6,4,-1,0
13,6,5,0,0
13,6,6,2,0
14,0,0,20,0
14,0,1,18,0
14,0,2,17,2
14,0,3,20,3
14,0,4,17,2
14,0,5,18,0
14,0,6,20,0
14,1,0,17,0
14,1,1,15,0
14,1,2,14,1
14,1,3,17,2
14,1,4,14,1
14,1,5,15,0
14,1,6,17,0
14,2,0,14,0
14,2,1,12,0
14,2,2,11,1
14,2,3,14,1
14,2,4,11,1
14,2,5,12,0
14,2,6,14,0
14,3,0,11,0
14,3,1,9,0
14,3,2,9,0
14,3,3,11,0
14,3,4,8,0
14,3,5,9,0
14,3,6,11,0
14,4,0,8,0
14,4,1,6,0
14,4,2,5,0
14,4,3,8,0
14,4,4,5,0
14,4,5,6,0
14,4,6,8,0
14,5,0,5,0
14,5,1,3,0
14,5,2,2,0
14,5,3,5,0
14,5,4,2,0
14,5,5,3,0
14,5,6,5,0
14,6,0,2,0
14,6,1,0,0
14,6,2,-1,0
14,6,3,2,0
14,6,4,-1,0
14,6,5,0,0
14,6,6,2,0
15,0,0,20,0
15,0,1,18,0
15,0,2,17,2
15,0,3,20,4
15,0,4,17,2
15,0,5,18,0
15,0,6,20,0
15,1,0,17,0
15,1,1,15,0
15,1,2,14,1
15,1,3,17,2
15,1,4,14,1
15,1,5,15,0
15,1,6,17,0
15,2,0,14,0
15,2,1,12,0
15,2,2,11,1
15,2,3,14,1
15,2,4,11,1
15,2,5,12,0
15,2,6,14,0
15,3,0,11,0
15,3,1,9,0
15,3,2,9,0
15,3,3,11,0
15,3,4,8,0
15,3,5,9,0
15,3,6,11,0
15,4,0,8,0
15,4,1,6,0
15,4,2,5,0
15,4,3,8,0
15,4,4,5,0
15,4,5,6,0
15,4,6,8,0
15,5,0,5,0
15,5,1,3,0
15,5,2,2,0
15,5,3,5,0
15,5,4,2,0
15,5,5,3,0
15,5,6,5,0
15,6,0,2,0
15,6,1,0,0
15,6,2,-1,0
15,6,3,2,0
15,6,4,-1,0
15,6,5,0,0
15,6,6,2,0
16,0,0,20,0
16,0,1,18,0
16,0,2,17,3
16,0,3,20,2
16,0,4,17,3
16,0,5,18,0
16,0,6,20,0
16,1,0,17,0
16,1,1,15,0
16,1,2,14,1
16,1,3,17,3
16,1,4,14,1
16,1,5,15,0
16,1,6,17,0
16,2,0,14,0
16,2,1,12,0
16,2,2,11,1
16,2,3,14,1
16,2,4,11,1
16,2,5,12,0
16,2,6,14,0
16,3,0,11,0
16,3,1,9,0
16,3,2,9,0
16,3,3,11,0
16,3,4,8,0
16,3,5,9,0
16,3,6,11,0
16,4,0,8,0
16,4,1,6,0
16,4,2,5,0
16,4,3,8,0
16,4,4,5,0
16,4,5,6,0
16,4,6,8,0
16,5,0,5,0
16,5,1,3,0
16,5,2,2,0
16,5,3,5,0
16,5,4,2,0
16,5,5,3,0
16,5,6,5,0
16,6,0,2,0
16,6,1,0,0
16,6,2,-1,0
16,6,3,2,0
16,6,4,-1,0
16,6,5,0,0
16,6,6,2,0
17,0,0,20,0
17,0,1,18,0
17,0,2,17,2
17,0,3,20,3
17,0,4,17,2
17,0,5,18,0
17,0,6,20,0
17,1,0,17,0
17,1,1,15,0
17,1,2,14,3
17,1,3,17,0
17,1,4,14,3
17,1,5,15,0
17,1,6,17,0
17,2,0,14,0
17,2,1,12,0
17,2,2,11,1
17,2,3,14,2
17,2,4,11,1
17,2,5,12,0
17,2,6,14,0
17,3,0,11,0
17,3,1,9,0
17,3,2,9,0
17,3,3,11,0
17,3,4,8,0
17,3,5,9,0
17,3,6,11,0
17,4,0,8,0
17,4,1,6,0
17,4,2,5,0
17,4,3,8,0
17,4,4,5,0
17,4,5,6,0
17,4,6,8,0
17,5,0,5,0
17,5,1,3,0
17,5,2,2,0
17,5,3,5,0
17,5,4,2,0
17,5,5,3,0
17,5,6,5,0
17,6,0,2,0
17,6,1,0,0
17,6,2,-1,0
17,6,3,2,0
17,6,4,-1,0
17,6,5,0,0
17,6,6,2,0
18,0,0,20,0
18,0,1,18,0
18,0,2,17,2
18,0,3,20,3
18,0,4,17,2
18,0,5,18,0
18,0,6,20,0
18,1,0,17,0
18,1,1,15,0
18,1,2,14,2
18,1,3,17,1
18,1,4,14,2
18,1,5,15,0
18,1,6,17,0
18,2,0,14,0
18,2,1,12,0
18,2,2,11,2
18,2,3,14,1
18,2,4,11,2
18,2,5,12,0
18,2,6,14,0
18,3,0,11,0
18,3,1,9,0
18,3,2,9,0
18,3,3,11,1
18,3,4,8,0
18,3,5,9,0
18,3,6,11,0
18,4,0,8,0
18,4,1,6,0
18,4,2,5,0
18,4,3,8,0
18,4,4,5,0
18,4,5,6,0
18,4,6,8,0
18,5,0,5,0
18,5,1,3,0
18,5,2,2,0
18,5,3,5,0
18,5,4,2,0
18,5,5,3,0
18,5,6,5,0
18,6,0,2,0
18,6,1,0,0
18,6,2,-1,0
18,6,3,2,0
18,6,4,-1,0
18,6,5,0,0
18,6,6,2,0
19,0,0,20,0
19,0,1,18,0
19,0,2,17,2
19,0,3,20,3
19,0,4,17,2
19,0,5,18,0
19,0,6,20,0
19,1,0,17,0
19,1,1,15,0
19,1,2,14,2
19,1,3,17,2
19,1,4,14,2
19,1,5,15,0
19,1,6,17,0
19,2,0,14,0
19,2,1,12,0
19,2,2,11,2
19,2,3,14,1
19,2,4,11,1
19,2,5,12,0
19,2,6,14,0
19,3,0,11,0
19,3,1,9,0
19,3,2,9,0
19,3,3,11,1
19,3,4,8,1
19,3,5,9,0
19,3,6,11,0
19,4,0,8,0
19,4,1,6,0
19,4,2,5,0
19,4,3,8,0
19,4,4,5,0
19,4,5,6,0
19,4,6,8,0
19,5,0,5,0
19,5,1,3,0
19,5,2,2,0
19,5,3,5,0
19,5,4,2,0
19,5,5,3,0
19,5,6,5,0
19,6,0,2,0
19,6,1,0,0
19,6,2,-1,0
19,6,3,2,0
19,6,4,-1,0
19,6,5,0,0
19,6,6,2,0
20,0,0,20,0
20,0,1,18,0
20,0,2,17,2
20,0,3,20,4
20,0,4,17,2
20,0,5,18,0
20,0,6,20,0
20,1,0,17,0
20,1,1,15,0
20,1,2,14,2
20,1,3,17,2
20,1,4,14,2
20,1,5,15,0
20,1,6,17,0
20,2,0,14,0
20,2,1,12,0
20,2,2,11,2
20,2,3,14,1
20,2,4,11,1
20,2,5,12,0
20,2,6,14,0
20,3,0,11,0
20,3,1,9,0
20,3,2,9,0
20,3,3,11,1
20,3,4,8,1
20,3,5,9,0
20,3,6,11,0
20,4,0,8,0
20,4,1,6,0
20,4,2,5,0
20,4,3,8,0
20,4,4,5,0
20,4,5,6,0
20,4,6,8,0
20,5,0,5,0
20,5,1,3,0
20,5,2,2,0
20,5,3,5,0
20,5,4,2,0
20,5,5,3,0
20,5,6,5,0
20,6,0,2,0
20,6,1,0,0
20,6,2,-1,0
20,6,3,2,0
20,6,4,-1,0
20,6,5,0,0
20,6,6,2,0
21,0,0,20,0
21,0,1,18,0
21,0,2,17,3
21,0,3,20,2
21,0,4,17,3
21,0,5,18,0
21,0,6,20,0
21,1,0,17,0
21,1,1,15,0
21,1,2,14,2
21,1,3,17,3
21,1,4,14,2
21,1,5,15,0
21,1,6,17,0
21,2,0,14,0
21,2,1,12,0
21,2,2,11,2
21,2,3,14,1
21,2,4,11,1
21,2,5,12,0
21,2,6,14,0
21,3,0,11,0
21,3,1,9,0
21,3,2,9,0
21,3,3,11,1
21,3,4,8,1
21,3,5,9,0
21,3,6,11,0
21,4,0,8,0
21,4,1,6,0
21,4,2,5,0
21,4,3,8,0
21,4,4,5,0
21,4,5,6,0
21,4,6,8,0
21,5,0,5,0
21,5,1,3,0
21,5,2,2,0
21,5,3,5,0
21,5,4,2,0
21,5,5,3,0
21,5,6,5,0
21,6,0,2,0
21,6,1,0,0
21,6,2,-1,0
21,6,3,2,0
21,6,4,-1,0
21,6,5,0,0
21,6,6,2,0
22,0,0,20,0
22,0,1,18,0
22,0,2,17,3
22,0,3,20,3
22,0,4,17,3
22,0,5,18,0
22,0,6,20,0
22,1,0,17,0
22,1,1,15,0
22,1,2,14,2
22,1,3,17,2
22,1,4,14,2
22,1,5,15,0
22,1,6,17,0
22,2,0,14,0
22,2,1,12,0
22,2,2,11,2
22,2,3,14,2
22,2,4,11,1
22,2,5,12,0
22,2,6,14,0
22,3,0,11,0
22,3,1,9,0
22,3,2,9,0
22,3,3,11,1
22,3,4,8,1
22,3,5,9,0
22,3,6,11,0
22,4,0,8,0
22,4,1,6,0
22,4,2,5,0
22,4,3,8,0
22,4,4,5,0
22,4,5,6,0
22,4,6,8,0
22,5,0,5,0
22,5,1,3,0
22,5,2,2,0
22,5,3,5,0
22,5,4,2,0
22,5,5,3,0
22,5,6,5,0
22,6,0,2,0
22,6,1,0,0
22,6,2,-1,0
22,6,3,2,0
22,6,4,-1,0
22,6,5,0,0
22,6,6,2,0
23,0,0,20,0
23,0,1,18,0
23,0,2,17,3
23,0,3,20,4
23,0,4,17,3
23,0,5,18,0
23,0,6,20,0
23,1,0,17,0
23,1,1,15,0
23,1,2,14,2
23,1,3,17,2
23,1,4,14,2
23,1,5,15,0
23,1,6,17,0
23,2,0,14,0
23,2,1,12,0
23,2,2,11,2
23,2,3,14,2
23,2,4,11,1
23,2,5,12,0
23,2,6,14,0
23,3,0,11,0
23,3,1,9,0
23,3,2,9,0
23,3,3,11,1
23,3,4,8,1
23,3,5,9,0
23,3,6,11,0
23,4,0,8,0
23,4,1,6,0
23,4,2,5,0
23,4,3,8,0
23,4,4,5,0
23,4,5,6,0
23,4,6,8,0
23,5,0,5,0
23,5,1,3,0
23,5,2,2,0
23,5,3,5,0
23,5,4,2,0
23,5,5,3,0
23,5,6,5,0
23,6,0,2,0
23,6,1,0,0
23,6,2,-1,0
23,6,3,2,0
23,6,4,-1,0
23,6,5,0,0
23,6,6,2,0
24,0,0,20,0
24,0,1,18,0
24,0,2,17,3
24,0,3,20,4
24,0,4,17,3
24,0,5,18,0
24,0,6,20,0
24,1,0,17,0
24,1,1,15,0
24,1,2,14,2
24,1,3,17,3
24,1,4,14,2
24,1,5,15,0
24,1,6,17,0
24,2,0,14,0
24,2,1,12,0
24,2,2,11,2
24,2,3,14,2
24,2,4,11,1
24,2,5,12,0
24,2,6,14,0
24,3,0,11,0
24,3,1,9,0
24,3,2,9,0
24,3,3,11,1
24,3,4,8,1
24,3,5,9,0
24,3,6,11,0
24,4,0,8,0
24,4,1,6,0
24,4,2,5,0
24,4,3,8,0
24,4,4,5,0
24,4,5,6,0
24,4,6,8,0
24,5,0,5,0
24,5,1,3,0
24,5,2,2,0
24,5,3,5,0
24,5,4,2,0
24,5,5,3,0
24,5,6,5,0
24,6,0,2,0
24,6,1,0,0
24,6,2,-1,0
24,6,3,2,0
24,6,4,-1,0
24,6,5,0,0
24,6,6,2,0
25,0,0,20,0
25,0,1,18,0
25,0,2,17,3
25,0,3,20,5
25,0,4,17,3
25,0,5,18,0
25,0,6,20,0
25,1,0,17,0
25,1,1,15,0
25,1,2,14,2
25,1,3,17,3
25,1,4,14,2
25,1,5,15,0
25,1,6,17,0
25,2,0,14,0
25,2,1,12,0
25,2,2,11,2
25,2,3,14,2
25,2,4,11,1
25,2,5,12,0
25,2,6,14,0
25,3,0,11,0
25,3,1,9,0
25,3,2,9,0
25,3,3,11,1
25,3,4,8,1
25,3,5,9,0
25,3,6,11,0
25,4,0,8,0
25,4,1,6,0
25,4,2,5,0
25,4,3,8,0
25,4,4,5,0
25,4,5,6,0
25,4,6,8,0
25,5,0,5,0
25,5,1,3,0
25,5,2,2,0
25,5,3,5,0
25,5,4,2,0
25,5,5,3,0
25,5,6,5,0
25,6,0,2,0
25,6,1,0,0
25,6,2,-1,0
25,6,3,2,0
25,6,4,-1,0
25,6,5,0,0
25,6,6,2,0
26,0,0,20,0
26,0,1,18,0
26,0,2,17,4
26,0,3,20,3
26,0,4,17,4
26,0,5,18,0
26,0,6,20,0
26,1,0,17,0
26,1,1,15,0
26,1,2,14,2
26,1,3,17,4
26,1,4,14,2
26,1,5,15,0
26,1,6,17,0
26,2,0,14,0
26,2,1,12,0
26,2,2,11,2
26,2,3,14,2
26,2,4,11,1
26,2,5,12,0
26,2,6,14,0
26,3,0,11,0
26,3,1,9,0
26,3,2,9,0
26,3,3,11,1
26,3,4,8,1
26,3,5,9,0
26,3,6,11,0
26,4,0,8,0
26,4,1,6,0
26,4,2,5,0
26,4,3,8,0
26,4,4,5,0
26,4,5,6,0
26,4,6,8,0
26,5,0,5,0
26,5,1,3,0
26,5,2,2,0
26,5,3,5,0
26,5,4,2,0
26,5,5,3,0
26,5,6,5,0
26,6,0,2,0
26,6,1,0,0
26,6,2,-1,0
26,6,3,2,0
26,6,4,-1,0
26,6,5,0,0
26,6,6,2,0
27,0,0,20,0
27,0,1,18,0
27,0,2,17,3
27,0,3,20,4
27,0,4,17,3
27,0,5,18,0
27,0,6,20,0
27,1,0,17,0
27,1,1,15,0
27,1,2,14,4
27,1,3,17,1
27,1,4,14,4
27,1,5,15,0
27,1,6,17,0
27,2,0,14,0
27,2,1,12,0
27,2,2,11,2
27,2,3,14,3
27,2,4,11,1
27,2,5,12,0
27,2,6,14,0
27,3,0,11,0
27,3,1,9,0
27,3,2,9,0
27,3,3,11,1
27,3,4,8,1
27,3,5,9,0
27,3,6,11,0
27,4,0,8,0
27,4,1,6,0
27,4,2,5,0
27,4,3,8,0
27,4,4,5,0
27,4,5,6,0
27,4,6,8,0
27,5,0,5,0
27,5,1,3,0
27,5,2,2,0
27,5,3,5,0
27,5,4,2,0
27,5,5,3,0
27,5,6,5,0
27,6,0,2,0
27,6,1,0,0
27,6,2,-1,0
27,6,3,2,0
27,6,4,-1,0
27,6,5,0,0
27,6,6,2,0
28,0,0,20,0
28,0,1,18,0
28,0,2,17,3
28,0,3,20,4
28,0,4,17,3
28,0,5,18,0
28,0,6,20,0
28,1,0,17,0
28,1,1,15,0
28,1,2,14,3
28,1,3,17,2
28,1,4,14,3
28,1,5,15,0
28,1,6,17,0
28,2,0,14,0
28,2,1,12,0
28,2,2,11,3
28,2,3,14,1
28,2,4,11,3
28,2,5,12,0
28,2,6,14,0
28,3,0,11,0
28,3,1,9,0
28,3,2,9,0
28,3,3,11,2
28,3,4,8,1
28,3,5,9,0
28,3,6,11,0
28,4,0,8,0
28,4,1,6,0
28,4,2,5,0
28,4,3,8,0
28,4,4,5,0
28,4,5,6,0
28,4,6,8,0
28,5,0,5,0
28,5,1,3,0
28,5,2,2,0
28,5,3,5,0
28,5,4,2,0
28,5,5,3,0
28,5,6,5,0
28,6,0,2,0
28,6,1,0,0
28,6,2,-1,0
28,6,3,2,0
28,6,4,-1,0
28,6,5,0,0
28,6,6,2,0
29,0,0,20,0
29,0,1,18,0
29,0,2,17,3
29,0,3,20,4
29,0,4,17,3
29,0,5,18,0
29,0,6,20,0
29,1,0,17,0
29,1,1,15,0
29,1,2,14,3
29,1,3,17,3
29,1,4,14,3
29,1,5,15,0
29,1,6,17,0
29,2,0,14,0
29,2,1,12,0
29,2,2,11,2
29,2,3,14,1
29,2,4,11,2
29,2,5,12,0
29,2,6,14,0
29,3,0,11,0
29,3,1,9,0
29,3,2,9,1
29,3,3,11,1
29,3,4,8,2
29,3,5,9,0
29,3,6,11,0
29,4,0,8,0
29,4,1,6,0
29,4,2,5,0
29,4,3,8,1
29,4,4,5,0
29,4,5,6,0
29,4,6,8,0
29,5,0,5,0
29,5,1,3,0
29,5,2,2,0
29,5,3,5,0
29,5,4,2,0
29,5,5,3,0
29,5,6,5,0
29,6,0,2,0
29,6,1,0,0
29,6,2,-1,0
29,6,3,2,0
29,6,4,-1,0
29,6,5,0,0
29,6,6,2,0
30,0,0,20,0
30,0,1,18,0
30,0,2,17,3
30,0,3,20,5
30,0,4,17,3
30,0,5,18,0
30,0,6,20,0
30,1,0,17,0
30,1,1,15,0
30,1,2,14,3
30,1,3,17,2
30,1,4,14,3
30,1,5,15,0
30,1,6,17,0
30,2,0,14,0
30,2,1,12,0
30,2,2,11,2
30,2,3,14,2
30,2,4,11,2
30,2,5,12,0
30,2,6,14,0
30,3,0,11,0
30,3,1,9,0
30,3,2,9,0
30,3,3,11,1
30,3,4,8,1
30,3,5,9,0
30,3,6,11,0
30,4,0,8,0
30,4,1,6,0
30,4,2,5,1
30,4,3,8,1
30,4,4,5,1
30,4,5,6,0
30,4,6,8,0
30,5,0,5,0
30,5,1,3,0
30,5,2,2,0
30,5,3,5,0
30,5,4,2,0
30,5,5,3,0
30,5,6,5,0
30,6,0,2,0
30,6,1,0,0
30,6,2,-1,0
30,6,3,2,0
30,6,4,-1,0
30,6,5,0,0
30,6,6,2,0
31,0,0,20,0
31,0,1,18,0
31,0,2,17,4
31,0,3,20,3
31,0,4,17,4
31,0,5,18,0
31,0,6,20,0
31,1,0,17,0
31,1,1,15,0
31,1,2,14,3
31,1,3,17,3
31,1,4,14,3
31,1,5,15,0
31,1,6,17,0
31,2,0,14,0
31,2,1,12,0
31,2,2,11,2
31,2,3,14,2
31,2,4,11,2
31,2,5,12,0
31,2,6,14,0
31,3,0,11,0
31,3,1,9,0
31,3,2,9,0
31,3,3,11,1
31,3,4,8,1
31,3,5,9,0
31,3,6,11,0
31,4,0,8,0
31,4,1,6,0
31,4,2,5,1
31,4,3,8,1
31,4,4,5,1
31,4,5,6,0
31,4,6,8,0
31,5,0,5,0
31,5,1,3,0
31,5,2,2,0
31,5,3,5,0
31,5,4,2,0
31,5,5,3,0
31,5,6,5,0
31,6,0,2,0
31,6,1,0,0
31,6,2,-1,0
31,6,3,2,0
31,6,4,-1,0
31,6,5,0,0
31,6,6,2,0
32,0,0,20,0
32,0,1,18,0
32,0,2,17,4
32,0,3,20,4
32,0,4,17,4
32,0,5,18,0
32,0,6,20,0
32,1,0,17,0
32,1,1,15,0
32,1,2,14,3
32,1,3,17,3
32,1,4,14,3
32,1,5,15,0
32,1,6,17,0
32,2,0,14,0
32,2,1,12,0
32,2,2,11,2
32,2,3,14,2
32,2,4,11,2
32,2,5,12,0
32,2,6,14,0
32,3,0,11,0
32,3,1,9,0
32,3,2,9,0
32,3,3,11,1
32,3,4,8,1
32,3,5,9,0
32,3,6,11,0
32,4,0,8,0
32,4,1,6,0
32,4,2,5,1
32,4,3,8,1
32,4,4,5,1
32,4,5,6,0
32,4,6,8,0
32,5,0,5,0
32,5,1,3,0
32,5,2,2,0
32,5,3,5,0
32,5,4,2,0
32,5,5,3,0
32,5,6,5,0
32,6,0,2,0
32,6,1,0,0
32,6,2,-1,0
32,6,3,2,0
32,6,4,-1,0
32,6,5,0,0
32,6,6,2,0
33,0,0,20,0
33,0,1,18,0
33,0,2,17,4
33,0,3,20,5
33,0,4,17,4
33,0,5,18,0
33,0,6,20,0
33,1,0,17,0
33,1,1,15,0
33,1,2,14,3
33,1,3,17,3
33,1,4,14,3
33,1,5,15,0
33,1,6,17,0
33,2,0,14,0
33,2,1,12,0
33,2,2,11,2
33,2,3,14,2
33,2,4,11,2
33,2,5,12,0
33,2,6,14,0
33,3,0,11,0
33,3,1,9,0
33,3,2,9,0
33,3,3,11,1
33,3,4,8,1
33,3,5,9,0
33,3,6,11,0
33,4,0,8,0
33,4,1,6,0
33,4,2,5,1
33,4,3,8,1
33,4,4,5,1
33,4,5,6,0
33,4,6,8,0
33,5,0,5,0
33,5,1,3,0
33,5,2,2,0
33,5,3,5,0
33,5,4,2,0
33,5,5,3,0
33,5,6,5,0
33,6,0,2,0
33,6,1,0,0
33,6,2,-1,0
33,6,3,2,0
33,6,4,-1,0
33,6,5,0,0
33,6,6,2,0
34,0,0,20,0
34,0,1,18,0
34,0,2,17,4
34,0,3,20,5
34,0,4,17,4
34,0,5,18,0
34,0,6,20,0
34,1,0,17,0
34,1,1,15,0
34,1,2,14,3
34,1,3,17,4
34,1,4,14,3
34,1,5,15,0
34,1,6,17,0
34,2,0,14,0
34,2,1,12,0
34,2,2,11,2
34,2,3,14,2
34,2,4,11,2
34,2,5,12,0
34,2,6,14,0
34,3,0,11,0
34,3,1,9,0
34,3,2,9,0
34,3,3,11,1
34,3,4,8,1
34,3,5,9,0
34,3,6,11,0
34,4,0,8,0
34,4,1,6,0
34,4,2,5,1
34,4,3,8,1
34,4,4,5,1
34,4,5,6,0
34,4,6,8,0
34,5,0,5,0
34,5,1,3,0
34,5,2,2,0
34,5,3,5,0
34,5,4,2,0
34,5,5,3,0
34,5,6,5,0
34,6,0,2,0
34,6,1,0,0
34,6,2,-1,0
34,6,3,2,0
34,6,4,-1,0
34,6,5,0,0
34,6,6,2,0
35,0,0,20,0
35,0,1,18,0
35,0,2,17,4
35,0,3,20,6
35,0,4,17,4
35,0,5,18,0
35,0,6,20,0
35,1,0,17,0
35,1,1,15,0
35,1,2,14,3
35,1,3,17,3
35,1,4,14,3
35,1,5,15,0
35,1,6,17,0
35,2,0,14,0
35,2,1,12,0
35,2,2,11,2
35,2,3,14,3
35,2,4,11,2
35,2,5,12,0
35,2,6,14,0
35,3,0,11,0
35,3,1,9,0
35,3,2,9,0
35,3,3,11,1
35,3,4,8,1
35,3,5,9,0
35,3,6,11,0
35,4,0,8,0
35,4,1,6,0
35,4,2,5,1
35,4,3,8,1
35,4,4,5,1
35,4,5,6,0
35,4,6,8,0
35,5,0,5,0
35,5,1,3,0
35,5,2,2,0
35,5,3,5,0
35,5,4,2,0
35,5,5,3,0
35,5,6,5,0
35,6,0,2,0
35,6,1,0,0
35,6,2,-1,0
35,6,3,2,0
35,6,4,-1,0
35,6,5,0,0
35,6,6,2,0
36,0,0,20,0
36,0,1,18,0
36,0,2,17,5
36,0,3,20,4
36,0,4,17,5
36,0,5,18,0
36,0,6,20,0
36,1,0,17,0
36,1,1,15,0
36,1,2,14,3
36,1,3,17,4
36,1,4,14,3
36,1,5,15,0
36,1,6,17,0
36,2,0,14,0
36,2,1,12,0
36,2,2,11,2
36,2,3,14,2
36,2,4,11,2
36,2,5,12,0
36,2,6,14,0
36,3,0,11,0
36,3,1,9,0
36,3,2,9,0
36,3,3,11,2
36,3,4,8,1
36,3,5,9,0
36,3,6,11,0
36,4,0,8,0
36,4,1,6,0
36,4,2,5,1
36,4,3,8,1
36,4,4,5,1
36,4,5,6,0
36,4,6,8,0
36,5,0,5,0
36,5,1,3,0
36,5,2,2,0
36,5,3,5,0
36,5,4,2,0
36,5,5,3,0
36,5,6,5,0
36,6,0,2,0
36,6,1,0,0
36,6,2,-1,0
36,6,3,2,0
36,6,4,-1,0
36,6,5,0,0
36,6,6,2,0
37,0,0,20,0
37,0,1,18,0
37,0,2,17,4
37,0,3,20,5
37,0,4,17,4
37,0,5,18,0
37,0,6,20,0
37,1,0,17,0
37,1,1,15,0
37,1,2,14,4
37,1,3,17,3
37,1,4,14,4
37,1,5,15,0
37,1,6,17,0
37,2,0,14,0
37,2,1,12,0
37,2,2,11,2
37,2,3,14,3
37,2,4,11,2
37,2,5,12,0
37,2,6,14,0
37,3,0,11,0
37,3,1,9,0
37,3,2,9,0
37,3,3,11,2
37,3,4,8,1
37,3,5,9,0
37,3,6,11,0
37,4,0,8,0
37,4,1,6,0
37,4,2,5,1
37,4,3,8,1
37,4,4,5,1
37,4,5,6,0
37,4,6,8,0
37,5,0,5,0
37,5,1,3,0
37,5,2,2,0
37,5,3,5,0
37,5,4,2,0
37,5,5,3,0
37,5,6,5,0
37,6,0,2,0
37,6,1,0,0
37,6,2,-1,0
37,6,3,2,0
37,6,4,-1,0
37,6,5,0,0
37,6,6,2,0
38,0,0,20,0
38,0,1,18,0
38,0,2,17,4
38,0,3,20,5
38,0,4,17,4
38,0,5,18,0
38,0,6,20,0
38,1,0,17,0
38,1,1,15,0
38,1,2,14,3
38,1,3,17,4
38,1,4,14,3
38,1,5,15,0
38,1,6,17,0
38,2,0,14,0
38,2,1,12,0
38,2,2,11,3
38,2,3,14,3
38,2,4,11,3
38,2,5,12,0
38,2,6,14,0
38,3,0,11,0
38,3,1,9,0
38,3,2,9,0
38,3,3,11,2
38,3,4,8,1
38,3,5,9,0
38,3,6,11,0
38,4,0,8,0
38,4,1,6,0
38,4,2,5,1
38,4,3,8,1
38,4,4,5,1
38,4,5,6,0
38,4,6,8,0
38,5,0,5,0
38,5,1,3,0
38,5,2,2,0
38,5,3,5,0
38,5,4,2,0
38,5,5,3,0
38,5,6,5,0
38,6,0,2,0
38,6,1,0,0
38,6,2,-1,0
38,6,3,2,0
38,6,4,-1,0
38,6,5,0,0
38,6,6,2,0
39,0,0,20,0
39,0,1,18,0
39,0,2,17,4
39,0,3,20,6
39,0,4,17,4
39,0,5,18,0
39,0,6,20,0
39,1,0,17,0
39,1,1,15,0
39,1,2,14,3
39,1,3,17,4
39,1,4,14,3
39,1,5,15,0
39,1,6,17,0
39,2,0,14,0
39,2,1,12,0
39,2,2,11,2
39,2,3,14,3
39,2,4,11,2
39,2,5,12,0
39,2,6,14,0
39,3,0,11,0
39,3,1,9,0
39,3,2,9,1
39,3,3,11,2
39,3,4,8,2
39,3,5,9,0
39,3,6,11,0
39,4,0,8,0
39,4,1,6,0
39,4,2,5,1
39,4,3,8,1
39,4,4,5,1
39,4,5,6,0
39,4,6,8,0
39,5,0,5,0
39,5,1,3,0
39,5,2,2,0
39,5,3,5,0
39,5,4,2,0
39,5,5,3,0
39,5,6,5,0
39,6,0,2,0
39,6,1,0,0
39,6,2,-1,0
39,6,3,2,0
39,6,4,-1,0
39,6,5,0,0
39,6,6,2,0
40,0,0,20,0
40,0,1,18,0
40,0,2,17,5
40,0,3,20,4
40,0,4,17,5
40,0,5,18,0
40,0,6,20,0
40,1,0,17,0
40,1,1,15,0
40,1,2,14,3
40,1,3,17,5
40,1,4,14,3
40,1,5,15,0
40,1,6,17,0
40,2,0,14,0
40,2,1,12,0
40,2,2,11,2
40,2,3,14,3
40,2,4,11,2
40,2,5,12,0
40,2,6,14,0
40,3,0,11,0
40,3,1,9,0
40,3,2,9,1
40,3,3,11,2
40,3,4,8,2
40,3,5,9,0
40,3,6,11,0
40,4,0,8,0
40,4,1,6,0
40,4,2,5,1
40,4,3,8,1
40,4,4,5,1
40,4,5,6,0
40,4,6,8,0
40,5,0,5,0
40,5,1,3,0
40,5,2,2,0
40,5,3,5,0
40,5,4,2,0
40,5,5,3,0
40,5,6,5,0
40,6,0,2,0
40,6,1,0,0
40,6,2,-1,0
40,6,3,2,0
40,6,4,-1,0
40,6,5,0,0
40,6,6,2,0
41,0,0,20,0
41,0,1,18,0
41,0,2,17,4
41,0,3,20,5
41,0,4,17,4
41,0,5,18,0
41,0,6,20,0
41,1,0,17,0
41,1,1,15,0
41,1,2,14,5
41,1,3,17,2
41,1,4,14,5
41,1,5,15,0
41,1,6,17,0
41,2,0,14,0
41,2,1,12,0
41,2,2,11,2
41,2,3,14,4
41,2,4,11,2
41,2,5,12,0
41,2,6,14,0
41,3,0,11,0
41,3,1,9,0
41,3,2,9,1
41,3,3,11,2
41,3,4,8,2
41,3,5,9,0
41,3,6,11,0
41,4,0,8,0
41,4,1,6,0
41,4,2,5,1
41,4,3,8,1
41,4,4,5,1
41,4,5,6,0
41,4,6,8,0
41,5,0,5,0
41,5,1,3,0
41,5,2,2,0
41,5,3,5,0
41,5,4,2,0
41,5,5,3,0
41,5,6,5,0
41,6,0,2,0
41,6,1,0,0
41,6,2,-1,0
41,6,3,2,0
41,6,4,-1,0
41,6,5,0,0
41,6,6,2,0
42,0,0,20,0
42,0,1,18,0
42,0,2,17,4
42,0,3,20,5
42,0,4,17,4
42,0,5,18,0
42,0,6,20,0
42,1,0,17,0
42,1,1,15,0
42,1,2,14,4
42,1,3,17,3
42,1,4,14,4
42,1,5,15,0
42,1,6,17,0
42,2,0,14,0
42,2,1,12,0
42,2,2,11,4
42,2,3,14,1
42,2,4,11,4
42,2,5,12,0
42,2,6,14,0
42,3,0,11,0
42,3,1,9,0
42,3,2,9,1
42,3,3,11,3
42,3,4,8,2
42,3,5,9,0
42,3,6,11,0
42,4,0,8,0
42,4,1,6,0
42,4,2,5,1
42,4,3,8,1
42,4,4,5,1
42,4,5,6,0
42,4,6,8,0
42,5,0,5,0
42,5,1,3,0
42,5,2,2,0
42,5,3,5,0
42,5,4,2,0
42,5,5,3,0
42,5,6,5,0
42,6,0,2,0
42,6,1,0,0
42,6,2,-1,0
42,6,3,2,0
42,6,4,-1,0
42,6,5,0,0
42,6,6,2,0
43,0,0,20,0
43,0,1,18,0
43,0,2,17,4
43,0,3,20,5
43,0,4,17,4
43,0,5,18,0
43,0,6,20,0
43,1,0,17,0
43,1,1,15,0
43,1,2,14,4
43,1,3,17,3
43,1,4,14,4
43,1,5,15,0
43,1,6,17,0
43,2,0,14,0
43,2,1,12,0
43,2,2,11,3
43,2,3,14,2
43,2,4,11,3
43,2,5,12,0
43,2,6,14,0
43,3,0,11,0
43,3,1,9,0
43,3,2,9,2
43,3,3,11,2
43,3,4,8,3
43,3,5,9,0
43,3,6,11,0
43,4,0,8,0
43,4,1,6,0
43,4,2,5,1
43,4,3,8,2
43,4,4,5,1
43,4,5,6,0
43,4,6,8,0
43,5,0,5,0
43,5,1,3,0
43,5,2,2,0
43,5,3,5,0
43,5,4,2,0
43,5,5,3,0
43,5,6,5,0
43,6,0,2,0
43,6,1,0,0
43,6,2,-1,0
43,6,3,2,0
43,6,4,-1,0
43,6,5,0,0
43,6,6,2,0
44,0,0,20,0
44,0,1,18,0
44,0,2,17,4
44,0,3,20,5
44,0,4,17,4
44,0,5,18,0
44,0,6,20,0
44,1,0,17,0
44,1,1,15,0
44,1,2,14,4
44,1,3,17,4
44,1,4,14,4
44,1,5,15,0
44,1,6,17,0
44,2,0,14,0
44,2,1,12,0
44,2,2,11,3
44,2,3,14,2
44,2,4,11,3
44,2,5,12,0
44,2,6,14,0
44,3,0,11,0
44,3,1,9,0
44,3,2,9,1
44,3,3,11,2
44,3,4,8,2
44,3,5,9,0
44,3,6,11,0
44,4,0,8,0
44,4,1,6,0
44,4,2,5,2
44,4,3,8,1
44,4,4,5,2
44,4,5,6,0
44,4,6,8,0
44,5,0,5,0
44,5,1,3,0
44,5,2,2,0
44,5,3,5,1
44,5,4,2,0
44,5,5,3,0
44,5,6,5,0
44,6,0,2,0
44,6,1,0,0
44,6,2,-1,0
44,6,3,2,0
44,6,4,-1,0
44,6,5,0,0
44,6,6,2,0
45,0,0,20,0
45,0,1,18,0
45,0,2,17,4
45,0,3,20,6
45,0,4,17,4
45,0,5,18,0
45,0,6,20,0
45,1,0,17,0
45,1,1,15,0
45,1,2,14,4
45,1,3,17,3
45,1,4,14,4
45,1,5,15,0
45,1,6,17,0
45,2,0,14,0
45,2,1,12,0
45,2,2,11,3
45,2,3,14,3
45,2,4,11,3
45,2,5,12,0
45,2,6,14,0
45,3,0,11,0
45,3,1,9,0
45,3,2,9,1
45,3,3,11,2
45,3,4,8,2
45,3,5,9,0
45,3,6,11,0
45,4,0,8,0
45,4,1,6,0
45,4,2,5,1
45,4,3,8,1
45,4,4,5,1
45,4,5,6,0
45,4,6,8,0
45,5,0,5,0
45,5,1,3,0
45,5,2,2,1
45,5,3,5,1
45,5,4,2,1
45,5,5,3,0
45,5,6,5,0
45,6,0,2,0
45,6,1,0,0
45,6,2,-1,0
45,6,3,2,0
45,6,4,-1,0
45,6,5,0,0
45,6,6,2,0
46,0,0,20,0
46,0,1,18,0
46,0,2,17,5
46,0,3,20,4
46,0,4,17,5
46,0,5,18,0
46,0,6,20,0
46,1,0,17,0
46,1,1,15,0
46,1,2,14,4
46,1,3,17,4
46,1,4,14,4
46,1,5,15,0
46,1,6,17,0
46,2,0,14,0
46,2,1,12,0
46,2,2,11,3
46,2,3,14,3
46,2,4,11,3
46,2,5,12,0
46,2,6,14,0
46,3,0,11,0
46,3,1,9,0
46,3,2,9,1
46,3,3,11,2
46,3,4,8,2
46,3,5,9,0
46,3,6,11,0
46,4,0,8,0
46,4,1,6,0
46,4,2,5,1
46,4,3,8,1
46,4,4,5,1
46,4,5,6,0
46,4,6,8,0
46,5,0,5,0
46,5,1,3,0
46,5,2,2,1
46,5,3,5,1
46,5,4,2,1
46,5,5,3,0
46,5,6,5,0
46,6,0,2,0
46,6,1,0,0
46,6,2,-1,0
46,6,3,2,0
46,6,4,-1,0
46,6,5,0,0
46,6,6,2,0
47,0,0,20,0
47,0,1,18,0
47,0,2,17,5
47,0,3,20,5
47,0,4,17,5
47,0,5,18,0
47,0,6,20,0
47,1,0,17,0
47,1,1,15,0
47,1,2,14,4
47,1,3,17,4
47,1,4,14,4
47,1,5,15,0
47,1,6,17,0
47,2,0,14,0
47,2,1,12,0
47,2,2,11,3
47,2,3,14,3
47,2,4,11,3
47,2,5,12,0
47,2,6,14,0
47,3,0,11,0
47,3,1,9,0
47,3,2,9,1
47,3,3,11,2
47,3,4,8,2
47,3,5,9,0
47,3,6,11,0
47,4,0,8,0
47,4,1,6,0
47,4,2,5,1
47,4,3,8,1
47,4,4,5,1
47,4,5,6,0
47,4,6,8,0
47,5,0,5,0
47,5,1,3,0
47,5,2,2,1
47,5,3,5,1
47,5,4,2,1
47,5,5,3,0
47,5,6,5,0
47,6,0,2,0
47,6,1,0,0
47,6,2,-1,0
47,6,3,2,0
47,6,4,-1,0
47,6,5,0,0
47,6,6,2,0
48,0,0,20,0
48,0,1,18,0
48,0,2,17,5
48,0,3,20,6
48,0,4,17,5
48,0,5,18,0
48,0,6,20,0
48,1,0,17,0
48,1,1,15,0
48,1,2,14,4
48,1,3,17,4
48,1,4,14,4
48,1,5,15,0
48,1,6,17,0
48,2,0,14,0
48,2,1,12,0
48,2,2,11,3
48,2,3,14,3
48,2,4,11,3
48,2,5,12,0
48,2,6,14,0
48,3,0,11,0
48,3,1,9,0
48,3,2,9,1
48,3,3,11,2
48,3,4,8,2
48,3,5,9,0
48,3,6,11,0
48,4,0,8,0
48,4,1,6,0
48,4,2,5,1
48,4,3,8,1
48,4,4,5,1
48,4,5,6,0
48,4,6,8,0
48,5,0,5,0
48,5,1,3,0
48,5,2,2,1
48,5,3,5,1
48,5,4,2,1
48,5,5,3,0
48,5,6,5,0
48,6,0,2,0
48,6,1,0,0
48,6,2,-1,0
48,6,3,2,0
48,6,4,-1,0
48,6,5,0,0
48,6,6,2,0
49,0,0,20,0
49,0,1,18,0
49,0,2,17,5
49,0,3,20,6
49,0,4,17,5
49,0,5,18,0
49,0,6,20,0
49,1,0,17,0
49,1,1,15,0
49,1,2,14,4
49,1,3,17,5
49,1,4,14,4
49,1,5,15,0
49,1,6,17,0
49,2,0,14,0
49,2,1,12,0
49,2,2,11,3
49,2,3,14,3
49,2,4,11,3
49,2,5,12,0
49,2,6,14,0
49,3,0,11,0
49,3,1,9,0
49,3,2,9,1
49,3,3,11,2
49,3,4,8,2
49,3,5,9,0
49,3,6,11,0
49,4,0,8,0
49,4,1,6,0
49,4,2,5,1
49,4,3,8,1
49,4,4,5,1
49,4,5,6,0
49,4,6,8,0
49,5,0,5,0
49,5,1,3,0
49,5,2,2,1
49,5,3,5,1
49,5,4,2,1
49,5,5,3,0
49,5,6,5,0
49,6,0,2,0
49,6,1,0,0
49,6,2,-1,0
49,6,3,2,0
49,6,4,-1,0
49,6,5,0,0
49,6,6,2,0
50,0,0,20,0
50,0,1,18,0
50,0,2,17,5
50,0,3,20,7
50,0,4,17,5
50,0,5,18,0
50,0,6,20,0
50,1,0,17,0
50,1,1,15,0
50,1,2,14,4
50,1,3,17,4
50,1,4,14,4
50,1,5,15,0
50,1,6,17,0
50,2,0,14,0
50,2,1,12,0
50,2,2,11,3
50,2,3,14,4
50,2,4,11,3
50,2,5,12,0
50,2,6,14,0
50,3,0,11,0
50,3,1,9,0
50,3,2,9,1
50,3,3,11,2
50,3,4,8,2
50,3,5,9,0
50,3,6,11,0
50,4,0,8,0
50,4,1,6,0
50,4,2,5,1
50,4,3,8,1
50,4,4,5,1
50,4,5,6,0
50,4,6,8,0
50,5,0,5,0
50,5,1,3,0
50,5,2,2,1
50,5,3,5,1
50,5,4,2,1
50,5,5,3,0
50,5,6,5,0
50,6,0,2,0
50,6,1,0,0
50,6,2,-1,0
50,6,3,2,0
50,6,4,-1,0
50,6,5,0,0
50,6,6,2,0
51,0,0,20,0
51,0,1,18,0
51,0,2,17,6
51,0,3,20,5
51,0,4,17,6
51,0,5,18,0
51,0,6,20,0
51,1,0,17,0
51,1,1,15,0
51,1,2,14,4
51,1,3,17,5
51,1,4,14,4
51,1,5,15,0
51,1,6,17,0
51,2,0,14,0
51,2,1,12,0
51,2,2,11,3
51,2,3,14,3
51,2,4,11,3
51,2,5,12,0
51,2,6,14,0
51,3,0,11,0
51,3,1,9,0
51,3,2,9,1
51,3,3,11,3
51,3,4,8,2
51,3,5,9,0
51,3,6,11,0
51,4,0,8,0
51,4,1,6,0
51,4,2,5,1
51,4,3,8,1
51,4,4,5,1
51,4,5,6,0
51,4,6,8,0
51,5,0,5,0
51,5,1,3,0
51,5,2,2,1
51,5,3,5,1
51,5,4,2,1
51,5,5,3,0
51,5,6,5,0
51,6,0,2,0
51,6,1,0,0
51,6,2,-1,0
51,6,3,2,0
51,6,4,-1,0
51,6,5,0,0
51,6,6,2,0
52,0,0,20,0
52,0,1,18,1
52,0,2,17,4
52,0,3,20,6
52,0,4,17,4
52,0,5,18,1
52,0,6,20,0
52,1,0,17,0
52,1,1,15,0
52,1,2,14,5
52,1,3,17,4
52,1,4,14,5
52,1,5,15,0
52,1,6,17,0
52,2,0,14,0
52,2,1,12,0
52,2,2,11,3
52,2,3,14,4
52,2,4,11,3
52,2,5,12,0
52,2,6,14,0
52,3,0,11,0
52,3,1,9,0
52,3,2,9,1
52,3,3,11,2
52,3,4,8,2
52,3,5,9,0
52,3,6,11,0
52,4,0,8,0
52,4,1,6,0
52,4,2,5,1
52,4,3,8,2
52,4,4,5,1
52,4,5,6,0
52,4,6,8,0
52,5,0,5,0
52,5,1,3,0
52,5,2,2,1
52,5,3,5,1
52,5,4,2,1
52,5,5,3,0
52,5,6,5,0
52,6,0,2,0
52,6,1,0,0
52,6,2,-1,0
52,6,3,2,0
52,6,4,-1,0
52,6,5,0,0
52,6,6,2,0
53,0,0,20,0
53,0,1,18,1
53,0,2,17,5
53,0,3,20,4
53,0,4,17,5
53,0,5,18,1
53,0,6,20,0
53,1,0,17,0
53,1,1,15,0
53,1,2,14,4
53,1,3,17,5
53,1,4,14,4
53,1,5,15,0
53,1,6,17,0
53,2,0,14,0
53,2,1,12,0
53,2,2,11,4
53,2,3,14,3
53,2,4,11,4
53,2,5,12,0
53,2,6,14,0
53,3,0,11,0
53,3,1,9,0
53,3,2,9,1
53,3,3,11,3
53,3,4,8,2
53,3,5,9,0
53,3,6,11,0
53,4,0,8,0
53,4,1,6,0
53,4,2,5,1
53,4,3,8,2
53,4,4,5,1
53,4,5,6,0
53,4,6,8,0
53,5,0,5,0
53,5,1,3,0
53,5,2,2,1
53,5,3,5,1
53,5,4,2,1
53,5,5,3,0
53,5,6,5,0
53,6,0,2,0
53,6,1,0,0
53,6,2,-1,0
53,6,3,2,0
53,6,4,-1,0
53,6,5,0,0
53,6,6,2,0
54,0,0,20,0
54,0,1,18,1
54,0,2,17,5
54,0,3,20,5
54,0,4,17,5
54,0,5,18,1
54,0,6,20,0
54,1,0,17,0
54,1,1,15,0
54,1,2,14,4
54,1,3,17,4
54,1,4,14,4
54,1,5,15,0
54,1,6,17,0
54,2,0,14,0
54,2,1,12,0
54,2,2,11,3
54,2,3,14,4
54,2,4,11,3
54,2,5,12,0
54,2,6,14,0
54,3,0,11,0
54,3,1,9,0
54,3,2,9,2
54,3,3,11,3
54,3,4,8,3
54,3,5,9,0
54,3,6,11,0
54,4,0,8,0
54,4,1,6,0
54,4,2,5,1
54,4,3,8,2
54,4,4,5,1
54,4,5,6,0
54,4,6,8,0
54,5,0,5,0
54,5,1,3,0
54,5,2,2,1
54,5,3,5,1
54,5,4,2,1
54,5,5,3,0
54,5,6,5,0
54,6,0,2,0
54,6,1,0,0
54,6,2,-1,0
54,6,3,2,0
54,6,4,-1,0
54,6,5,0,0
54,6,6,2,0
55,0,0,20,0
55,0,1,18,1
55,0,2,17,5
55,0,3,20,6
55,0,4,17,5
55,0,5,18,1
55,0,6,20,0
55,1,0,17,0
55,1,1,15,0
55,1,2,14,4
55,1,3,17,4
55,1,4,14,4
55,1,5,15,0
55,1,6,17,0
55,2,0,14,0
55,2,1,12,0
55,2,2,11,3
55,2,3,14,4
55,2,4,11,3
55,2,5,12,0
55,2,6,14,0
55,3,0,11,0
55,3,1,9,0
55,3,2,9,1
55,3,3,11,3
55,3,4,8,2
55,3,5,9,0
55,3,6,11,0
55,4,0,8,0
55,4,1,6,0
55,4,2,5,2
55,4,3,8,2
55,4,4,5,2
55,4,5,6,0
55,4,6,8,0
55,5,0,5,0
55,5,1,3,0
55,5,2,2,1
55,5,3,5,1
55,5,4,2,1
55,5,5,3,0
55,5,6,5,0
55,6,0,2,0
55,6,1,0,0
55,6,2,-1,0
55,6,3,2,0
55,6,4,-1,0
55,6,5,0,0
55,6,6,2,0
56,0,0,20,0
56,0,1,18,1
56,0,2,17,5
56,0,3,20,6
56,0,4,17,5
56,0,5,18,1
56,0,6,20,0
56,1,0,17,0
56,1,1,15,0
56,1,2,14,4
56,1,3,17,5
56,1,4,14,4
56,1,5,15,0
56,1,6,17,0
56,2,0,14,0
56,2,1,12,0
56,2,2,11,3
56,2,3,14,4
56,2,4,11,3
56,2,5,12,0
56,2,6,14,0
56,3,0,11,0
56,3,1,9,0
56,3,2,9,1
56,3,3,11,3
56,3,4,8,2
56,3,5,9,0
56,3,6,11,0
56,4,0,8,0
56,4,1,6,0
56,4,2,5,2
56,4,3,8,2
56,4,4,5,2
56,4,5,6,0
56,4,6,8,0
56,5,0,5,0
56,5,1,3,0
56,5,2,2,1
56,5,3,5,1
56,5,4,2,1
56,5,5,3,0
56,5,6,5,0
56,6,0,2,0
56,6,1,0,0
56,6,2,-1,0
56,6,3,2,0
56,6,4,-1,0
56,6,5,0,0
56,6,6,2,0
57,0,0,20,0
57,0,1,18,1
57,0,2,17,5
57,0,3,20,7
57,0,4,17,5
57,0,5,18,1
57,0,6,20,0
57,1,0,17,0
57,1,1,15,0
57,1,2,14,4
57,1,3,17,5
57,1,4,14,4
57,1,5,15,0
57,1,6,17,0
57,2,0,14,0
57,2,1,12,0
57,2,2,11,3
57,2,3,14,4
57,2,4,11,3
57,2,5,12,0
57,2,6,14,0
57,3,0,11,0
57,3,1,9,0
57,3,2,9,1
57,3,3,11,3
57,3,4,8,2
57,3,5,9,0
57,3,6,11,0
57,4,0,8,0
57,4,1,6,0
57,4,2,5,2
57,4,3,8,2
57,4,4,5,2
57,4,5,6,0
57,4,6,8,0
57,5,0,5,0
57,5,1,3,0
57,5,2,2,1
57,5,3,5,1
57,5,4,2,1
57,5,5,3,0
57,5,6,5,0
57,6,0,2,0
57,6,1,0,0
57,6,2,-1,0
57,6,3,2,0
57,6,4,-1,0
57,6,5,0,0
57,6,6,2,0
58,0,0,20,0
58,0,1,18,1
58,0,2,17,6
58,0,3,20,5
58,0,4,17,6
58,0,5,18,1
58,0,6,20,0
58,1,0,17,0
58,1,1,15,0
58,1,2,14,4
58,1,3,17,6
58,1,4,14,4
58,1,5,15,0
58,1,6,17,0
58,2,0,14,0
58,2,1,12,0
58,2,2,11,3
58,2,3,14,4
58,2,4,11,3
58,2,5,12,0
58,2,6,14,0
58,3,0,11,0
58,3,1,9,0
58,3,2,9,1
58,3,3,11,3
58,3,4,8,2
58,3,5,9,0
58,3,6,11,0
58,4,0,8,0
58,4,1,6,0
58,4,2,5,2
58,4,3,8,2
58,4,4,5,2
58,4,5,6,0
58,4,6,8,0
58,5,0,5,0
58,5,1,3,0
58,5,2,2,1
58,5,3,5,1
58,5,4,2,1
58,5,5,3,0
58,5,6,5,0
58,6,0,2,0
58,6,1,0,0
58,6,2,-1,0
58,6,3,2,0
58,6,4,-1,0
58,6,5,0,0
58,6,6,2,0
59,0,0,20,0
59,0,1,18,1
59,0,2,17,5
59,0,3,20,6
59,0,4,17,5
59,0,5,18,1
59,0,6,20,0
59,1,0,17,0
59,1,1,15,0
59,1,2,14,6
59,1,3,17,3
59,1,4,14,6
59,1,5,15,0
59,1,6,17,0
59,2,0,14,0
59,2,1,12,0
59,2,2,11,3
59,2,3,14,5
59,2,4,11,3
59,2,5,12,0
59,2,6,14,0
59,3,0,11,0
59,3,1,9,0
59,3,2,9,1
59,3,3,11,3
59,3,4,8,2
59,3,5,9,0
59,3,6,11,0
59,4,0,8,0
59,4,1,6,0
59,4,2,5,2
59,4,3,8,2
59,4,4,5,2
59,4,5,6,0
59,4,6,8,0
59,5,0,5,0
59,5,1,3,0
59,5,2,2,1
59,5,3,5,1
59,5,4,2,1
59,5,5,3,0
59,5,6,5,0
59,6,0,2,0
59,6,1,0,0
59,6,2,-1,0
59,6,3,2,0
59,6,4,-1,0
59,6,5,0,0
59,6,6,2,0
60,0,0,20,0
60,0,1,18,1
60,0,2,17,5
60,0,3,20,6
60,0,4,17,5
60,0,5,18,1
60,0,6,20,0
60,1,0,17,0
60,1,1,15,1
60,1,2,14,4
60,1,3,17,4
60,1,4,14,4
60,1,5,15,1
60,1,6,17,0
60,2,0,14,0
60,2,1,12,0
60,2,2,11,5
60,2,3,14,2
60,2,4,11,5
60,2,5,12,0
60,2,6,14,0
60,3,0,11,0
60,3,1,9,0
60,3,2,9,1
60,3,3,11,4
60,3,4,8,2
60,3,5,9,0
60,3,6,11,0
60,4,0,8,0
60,4,1,6,0
60,4,2,5,2
60,4,3,8,2
60,4,4,5,2
60,4,5,6,0
60,4,6,8,0
60,5,0,5,0
60,5,1,3,0
60,5,2,2,1
60,5,3,5,1
60,5,4,2,1
60,5,5,3,0
60,5,6,5,0
60,6,0,2,0
60,6,1,0,0
60,6,2,-1,0
60,6,3,2,0
60,6,4,-1,0
60,6,5,0,0
60,6,6,2,0
61,0,0,20,0
61,0,1,18,1
61,0,2,17,5
61,0,3,20,5
61,0,4,17,5
61,0,5,18,1
61,0,6,20,0
61,1,0,17,0
61,1,1,15,1
61,1,2,14,4
61,1,3,17,4
61,1,4,14,4
61,1,5,15,1
61,1,6,17,0
61,2,0,14,0
61,2,1,12,0
61,2,2,11,4
61,2,3,14,3
61,2,4,11,4
61,2,5,12,0
61,2,6,14,0
61,3,0,11,0
61,3,1,9,0
61,3,2,9,3
61,3,3,11,1
61,3,4,8,4
61,3,5,9,0
61,3,6,11,0
61,4,0,8,0
61,4,1,6,0
61,4,2,5,2
61,4,3,8,3
61,4,4,5,2
61,4,5,6,0
61,4,6,8,0
61,5,0,5,0
61,5,1,3,0
61,5,2,2,1
61,5,3,5,1
61,5,4,2,1
61,5,5,3,0
61,5,6,5,0
61,6,0,2,0
61,6,1,0,0
61,6,2,-1,0
61,6,3,2,0
61,6,4,-1,0
61,6,5,0,0
61,6,6,2,0
62,0,0,20,0
62,0,1,18,1
62,0,2,17,5
62,0,3,20,5
62,0,4,17,5
62,0,5,18,1
62,0,6,20,0
62,1,0,17,0
62,1,1,15,1
62,1,2,14,4
62,1,3,17,4
62,1,4,14,4
62,1,5,15,1
62,1,6,17,0
62,2,0,14,0
62,2,1,12,0
62,2,2,11,4
62,2,3,14,2
62,2,4,11,4
62,2,5,12,0
62,2,6,14,0
62,3,0,11,0
62,3,1,9,0
62,3,2,9,2
62,3,3,11,2
62,3,4,8,3
62,3,5,9,0
62,3,6,11,0
62,4,0,8,0
62,4,1,6,0
62,4,2,5,3
62,4,3,8,2
62,4,4,5,3
62,4,5,6,0
62,4,6,8,0
62,5,0,5,0
62,5,1,3,0
62,5,2,2,1
62,5,3,5,2
62,5,4,2,1
62,5,5,3,0
62,5,6,5,0
62,6,0,2,0
62,6,1,0,0
62,6,2,-1,0
62,6,3,2,0
62,6,4,-1,0
62,6,5,0,0
62,6,6,2,0
63,0,0,20,0
63,0,1,18,1
63,0,2,17,5
63,0,3,20,5
63,0,4,17,5
63,0,5,18,1
63,0,6,20,0
63,1,0,17,0
63,1,1,15,1
63,1,2,14,4
63,1,3,17,3
63,1,4,14,4
63,1,5,15,1
63,1,6,17,0
63,2,0,14,0
63,2,1,12,0
63,2,2,11,4
63,2,3,14,3
63,2,4,11,4
63,2,5,12,0
63,2,6,14,0
63,3,0,11,0
63,3,1,9,0
63,3,2,9,2
63,3,3,11,2
63,3,4,8,3
63,3,5,9,0
63,3,6,11,0
63,4,0,8,0
63,4,1,6,0
63,4,2,5,2
63,4,3,8,2
63,4,4,5,2
63,4,5,6,0
63,4,6,8,0
63,5,0,5,0
63,5,1,3,0
63,5,2,2,2
63,5,3,5,1
63,5,4,2,2
63,5,5,3,0
63,5,6,5,0
63,6,0,2,0
63,6,1,0,0
63,6,2,-1,0
63,6,3,2,1
63,6,4,-1,0
63,6,5,0,0
63,6,6,2,0
64,0,0,20,0
64,0,1,18,1
64,0,2,17,5
64,0,3,20,4
64,0,4,17,5
64,0,5,18,1
64,0,6,20,0
64,1,0,17,0
64,1,1,15,1
64,1,2,14,4
64,1,3,17,4
64,1,4,14,4
64,1,5,15,1
64,1,6,17,0
64,2,0,14,0
64,2,1,12,0
64,2,2,11,4
64,2,3,14,3
64,2,4,11,4
64,2,5,12,0
64,2,6,14,0
64,3,0,11,0
64,3,1,9,0
64,3,2,9,2
64,3,3,11,2
64,3,4,8,3
64,3,5,9,0
64,3,6,11,0
64,4,0,8,0
64,4,1,6,0
64,4,2,5,2
64,4,3,8,2
64,4,4,5,2
64,4,5,6,0
64,4,6,8,0
64,5,0,5,0
64,5,1,3,0
64,5,2,2,1
64,5,3,5,1
64,5,4,2,1
64,5,5,3,0
64,5,6,5,0
64,6,0,2,0
64,6,1,0,0
64,6,2,-1,1
64,6,3,2,1
64,6,4,-1,1
64,6,5,0,0
64,6,6,2,0
65,0,0,20,0
65,0,1,18,1
65,0,2,17,5
65,0,3,20,4
65,0,4,17,5
65,0,5,18,1
65,0,6,20,0
65,1,0,17,0
65,1,1,15,1
65,1,2,14,4
65,1,3,17,4
65,1,4,14,4
65,1,5,15,1
65,1,6,17,0
65,2,0,14,0
65,2,1,12,0
65,2,2,11,4
65,2,3,14,3
65,2,4,11,4
65,2,5,12,0
65,2,6,14,0
65,3,0,11,0
65,3,1,9,0
65,3,2,9,2
65,3,3,11,2
65,3,4,8,3
65,3,5,9,0
65,3,6,11,0
65,4,0,8,0
65,4,1,6,0
65,4,2,5,2
65,4,3,8,2
65,4,4,5,2
65,4,5,6,0
65,4,6,8,0
65,5,0,5,0
65,5,1,3,0
65,5,2,2,1
65,5,3,5,1
65,5,4,2,1
65,5,5,3,0
65,5,6,5,0
65,6,0,2,0
65,6,1,0,0
65,6,2,-1,1
65,6,3,2,1
65,6,4,-1,1
65,6,5,0,0
65,6,6,2,0
66,0,0,20,0
66,0,1,18,1
66,0,2,17,5
66,0,3,20,4
66,0,4,17,5
66,0,5,18,1
66,0,6,20,0
66,1,0,17,0
66,1,1,15,1
66,1,2,14,4
66,1,3,17,4
66,1,4,14,4
66,1,5,15,1
66,1,6,17,0
66,2,0,14,0
66,2,1,12,0
66,2,2,11,4
66,2,3,14,3
66,2,4,11,4
66,2,5,12,0
66,2,6,14,0
66,3,0,11,0
66,3,1,9,0
66,3,2,9,2
66,3,3,11,2
66,3,4,8,3
66,3,5,9,0
66,3,6,11,0
66,4,0,8,0
66,4,1,6,0
66,4,2,5,2
66,4,3,8,2
66,4,4,5,2
66,4,5,6,0
66,4,6,8,0
66,5,0,5,0
66,5,1,3,0
66,5,2,2,1
66,5,3,5,1
66,5,4,2,1
66,5,5,3,0
66,5,6,5,0
66,6,0,2,0
66,6,1,0,0
66,6,2,-1,1
66,6,3,2,1
66,6,4,-1,1
66,6,5,0,0
66,6,6,2,0
67,0,0,20,0
67,0,1,18,1
67,0,2,17,5
67,0,3,20,4
67,0,4,17,5
67,0,5,18,1
67,0,6,20,0
67,1,0,17,0
67,1,1,15,1
67,1,2,14,4
67,1,3,17,4
67,1,4,14,4
67,1,5,15,1
67,1,6,17,0
67,2,0,14,0
67,2,1,12,0
67,2,2,11,4
67,2,3,14,3
67,2,4,11,4
67,2,5,12,0
67,2,6,14,0
67,3,0,11,0
67,3,1,9,0
67,3,2,9,2
67,3,3,11,2
67,3,4,8,3
67,3,5,9,0
67,3,6,11,0
67,4,0,8,0
67,4,1,6,0
67,4,2,5,2
67,4,3,8,2
67,4,4,5,2
67,4,5,6,0
67,4,6,8,0
67,5,0,5,0
67,5,1,3,0
67,5,2,2,1
67,5,3,5,1
67,5,4,2,1
67,5,5,3,0
67,5,6,5,0
67,6,0,2,0
67,6,1,0,0
67,6,2,-1,1
67,6,3,2,1
67,6,4,-1,1
67,6,5,0,0
67,6,6,2,0
68,0,0,20,0
68,0,1,18,1
68,0,2,17,5
68,0,3,20,4
68,0,4,17,5
68,0,5,18,1
68,0,6,20,0
68,1,0,17,0
68,1,1,15,1
68,1,2,14,4
68,1,3,17,4
68,1,4,14,4
68,1,5,15,1
68,1,6,17,0
68,2,0,14,0
68,2,1,12,0
68,2,2,11,4
68,2,3,14,3
68,2,4,11,4
68,2,5,12,0
68,2,6,14,0
68,3,0,11,0
68,3,1,9,0
68,3,2,9,2
68,3,3,11,2
68,3,4,8,3
68,3,5,9,0
68,3,6,11,0
68,4,0,8,0
68,4,1,6,0
68,4,2,5,2
68,4,3,8,2
68,4,4,5,2
68,4,5,6,0
68,4,6,8,0
68,5,0,5,0
68,5,1,3,0
68,5,2,2,1
68,5,3,5,1
68,5,4,2,1
68,5,5,3,0
68,5,6,5,0
68,6,0,2,0
68,6,1,0,0
68,6,2,-1,1
68,6,3,2,1
68,6,4,-1,1
68,6,5,0,0
68,6,6,2,0
69,0,0,20,0
69,0,1,18,1
69,0,2,17,5
69,0,3,20,4
69,0,4,17,5
69,0,5,18,1
69,0,6,20,0
69,1,0,17,0
69,1,1,15,1
69,1,2,14,4
69,1,3,17,4
69,1,4,14,4
69,1,5,15,1
69,1,6,17,0
69,2,0,14,0
69,2,1,12,0
69,2,2,11,4
69,2,3,14,3
69,2,4,11,4
69,2,5,12,0
69,2,6,14,0
69,3,0,11,0
69,3,1,9,0
69,3,2,9,2
69,3,3,11,2
69,3,4,8,3
69,3,5,9,0
69,3,6,11,0
69,4,0,8,0
69,4,1,6,0
69,4,2,5,2
69,4,3,8,2
69,4,4,5,2
69,4,5,6,0
69,4,6,8,0
69,5,0,5,0
69,5,1,3,0
69,5,2,2,1
69,5,3,5,1
69,5,4,2,1
69,5,5,3,0
69,5,6,5,0
69,6,0,2,0
69,6,1,0,0
69,6,2,-1,1
69,6,3,2,1
69,6,4,-1,1
69,6,5,0,0
69,6,6,2,0
70,0,0,20,0
70,0,1,18,1
70,0,2,17,5
70,0,3,20,4
70,0,4,17,5
70,0,5,18,1
70,0,6,20,0
70,1,0,17,0
70,1,1,15,1
70,1,2,14,4
70,1,3,17,4
70,1,4,14,4
70,1,5,15,1
70,1,6,17,0
70,2,0,14,0
70,2,1,12,0
70,2,2,11,4
70,2,3,14,3
70,2,4,11,4
70,2,5,12,0
70,2,6,14,0
70,3,0,11,0
70,3,1,9,0
70,3,2,9,2
70,3,3,11,2
70,3,4,8,3
70,3,5,9,0
70,3,6,11,0
70,4,0,8,0
70,4,1,6,0
70,4,2,5,2
70,4,3,8,2
70,4,4,5,2
70,4,5,6,0
70,4,6,8,0
70,5,0,5,0
70,5,1,3,0
70,5,2,2,1
70,5,3,5,1
70,5,4,2,1
70,5,5,3,0
70,5,6,5,0
70,6,0,2,0
70,6,1,0,0
70,6,2,-1,1
70,6,3,2,1
70,6,4,-1,1
70,6,5,0,0
70,6,6,2,0
71,0,0,20,0
71,0,1,18,1
71,0,2,17,5
71,0,3,20,4
71,0,4,17,5
71,0,5,18,1
71,0,6,20,0
71,1,0,17,0
71,1,1,15,1
71,1,2,14,4
71,1,3,17,4
71,1,4,14,4
71,1,5,15,1
71,1,6,17,0
71,2,0,14,0
71,2,1,12,0
71,2,2,11,4
71,2,3,14,3
71,2,4,11,4
71,2,5,12,0
71,2,6,14,0
71,3,0,11,0
71,3,1,9,0
71,3,2,9,2
71,3,3,11,2
71,3,4,8,3
71,3,5,9,0
71,3,6,11,0
71,4,0,8,0
71,4,1,6,0
71,4,2,5,2
71,4,3,8,2
71,4,4,5,2
71,4,5,6,0
71,4,6,8,0
71,5,0,5,0
71,5,1,3,0
71,5,2,2,1
71,5,3,5,1
71,5,4,2,1
71,5,5,3,0
71,5,6,5,0
71,6,0,2,0
71,6,1,0,0
71,6,2,-1,1
71,6,3,2,1
71,6,4,-1,1
71,6,5,0,0
71,6,6,2,0
72,0,0,20,0
72,0,1,18,1
72,0,2,17,5
72,0,3,20,4
72,0,4,17,5
72,0,5,18,1
72,0,6,20,0
72,1,0,17,0
72,1,1,15,1
72,1,2,14,4
72,1,3,17,4
72,1,4,14,4
72,1,5,15,1
72,1,6,17,0
72,2,0,14,0
72,2,1,12,0
72,2,2,11,4
72,2,3,14,3
72,2,4,11,4
72,2,5,12,0
72,2,6,14,0
72,3,0,11,0
72,3,1,9,0
72,3,2,9,2
72,3,3,11,2
72,3,4,8,3
72,3,5,9,0
72,3,6,11,0
72,4,0,8,0
72,4,1,6,0
72,4,2,5,2
72,4,3,8,2
72,4,4,5,2
72,4,5,6,0
72,4,6,8,0
72,5,0,5,0
72,5,1,3,0
72,5,2,2,1
72,5,3,5,1
72,5,4,2,1
72,5,5,3,0
72,5,6,5,0
72,6,0,2,0
72,6,1,0,0
72,6,2,-1,1
72,6,3,2,1
72,6,4,-1,1
72,6,5,0,0
72,6,6,2,0
73,0,0,20,0
73,0,1,18,1
73,0,2,17,5
73,0,3,20,4
73,0,4,17,5
73,0,5,18,1
73,0,6,20,0
73,1,0,17,0
73,1,1,15,1
73,1,2,14,4
73,1,3,17,4
73,1,4,14,4
73,1,5,15,1
73,1,6,17,0
73,2,0,14,0
73,2,1,12,0
73,2,2,11,4
73,2,3,14,3
73,2,4,11,4
73,2,5,12,0
73,2,6,14,0
73,3,0,11,0
73,3,1,9,0
73,3,2,9,2
73,3,3,11,2
73,3,4,8,3
73,3,5,9,0
73,3,6,11,0
73,4,0,8,0
73,4,1,6,0
73,4,2,5,2
73,4,3,8,2
73,4,4,5,2
73,4,5,6,0
73,4,6,8,0
73,5,0,5,0
73,5,1,3,0
73,5,2,2,1
73,5,3,5,1
73,5,4,2,1
73,5,5,3,0
73,5,6,5,0
73,6,0,2,0
73,6,1,0,0
73,6,2,-1,1
73,6,3,2,1
73,6,4,-1,1
73,6,5,0,0
73,6,6,2,0
74,0,0,20,0
74,0,1,18,1
74,0,2,17,5
74,0,3,20,4
74,0,4,17,5
74,0,5,18,1
74,0,6,20,0
74,1,0,17,0
74,1,1,15,1
74,1,2,14,4
74,1,3,17,4
74,1,4,14,4
74,1,5,15,1
74,1,6,17,0
74,2,0,14,0
74,2,1,12,0
74,2,2,11,4
74,2,3,14,3
74,2,4,11,4
74,2,5,12,0
74,2,6,14,0
74,3,0,11,0
74,3,1,9,0
74,3,2,9,2
74,3,3,11,2
74,3,4,8,3
74,3,5,9,0
74,3,6,11,0
74,4,0,8,0
74,4,1,6,0
74,4,2,5,2
74,4,3,8,2
74,4,4,5,2
74,4,5,6,0
74,4,6,8,0
74,5,0,5,0
74,5,1,3,0
74,5,2,2,1
74,5,3,5,1
74,5,4,2,1
74,5,5,3,0
74,5,6,5,0
74,6,0,2,0
74,6,1,0,0
74,6,2,-1,1
74,6,3,2,1
74,6,4,-1,1
74,6,5,0,0
74,6,6,2,0
75,0,0,20,0
75,0,1,18,1
75,0,2,17,5
75,0,3,20,4
75,0,4,17,5
75,0,5,18,1
75,0,6,20,0
75,1,0,17,0
75,1,1,15,1
75,1,2,14,4
75,1,3,17,4
75,1,4,14,4
75,1,5,15,1
75,1,6,17,0
75,2,0,14,0
75,2,1,12,0
75,2,2,11,4
75,2,3,14,3
75,2,4,11,4
75,2,5,12,0
75,2,6,14,0
75,3,0,11,0
75,3,1,9,0
75,3,2,9,2
75,3,3,11,2
75,3,4,8,3
75,3,5,9,0
75,3,6,11,0
75,4,0,8,0
75,4,1,6,0
75,4,2,5,2
75,4,3,8,2
75,4,4,5,2
75,4,5,6,0
75,4,6,8,0
75,5,0,5,0
75,5,1,3,0
75,5,2,2,1
75,5,3,5,1
75,5,4,2,1
75,5,5,3,0
75,5,6,5,0
75,6,0,2,0
75,6,1,0,0
75,6,2,-1,1
75,6,3,2,1
75,6,4,-1,1
75,6,5,0,0
75,6,6,2,0
76,0,0,20,0
76,0,1,18,1
76,0,2,17,5
76,0,3,20,4
76,0,4,17,5
76,0,5,18,1
76,0,6,20,0
76,1,0,17,0
76,1,1,15,1
76,1,2,14,4
76,1,3,17,4
76,1,4,14,4
76,1,5,15,1
76,1,6,17,0
76,2,0,14,0
76,2,1,12,0
76,2,2,11,4
76,2,3,14,3
76,2,4,11,4
76,2,5,12,0
76,2,6,14,0
76,3,0,11,0
76,3,1,9,0
76,3,2,9,2
76,3,3,11,2
76,3,4,8,3
76,3,5,9,0
76,3,6,11,0
76,4,0,8,0
76,4,1,6,0
76,4,2,5,2
76,4,3,8,2
76,4,4,5,2
76,4,5,6,0
76,4,6,8,0
76,5,0,5,0
76,5,1,3,0
76,5,2,2,1
76,5,3,5,1
76,5,4,2,1
76,5,5,3,0
76,5,6,5,0
76,6,0,2,0
76,6,1,0,0
76,6,2,-1,1
76,6,3,2,1
76,6,4,-1,1
76,6,5,0,0
76,6,6,2,0
77,0,0,20,0
77,0,1,18,1
77,0,2,17,5
77,0,3,20,4
77,0,4,17,5
77,0,5,18,1
77,0,6,20,0
77,1,0,17,0
77,1,1,15,1
77,1,2,14,4
77,1,3,17,4
77,1,4,14,4
77,1,5,15,1
77,1,6,17,0
77,2,0,14,0
77,2,1,12,0
77,2,2,11,4
77,2,3,14,3
77,2,4,11,4
77,2,5,12,0
77,2,6,14,0
77,3,0,11,0
77,3,1,9,0
77,3,2,9,2
77,3,3,11,2
77,3,4,8,3
77,3,5,9,0
77,3,6,11,0
77,4,0,8,0
77,4,1,6,0
77,4,2,5,2
77,4,3,8,2
77,4,4,5,2
77,4,5,6,0
77,4,6,8,0
77,5,0,5,0
77,5,1,3,0
77,5,2,2,1
77,5,3,5,1
77,5,4,2,1
77,5,5,3,0
77,5,6,5,0
77,6,0,2,0
77,6,1,0,0
77,6,2,-1,1
77,6,3,2,1
77,6,4,-1,1
77,6,5,0,0
77,6,6,2,0
78,0,0,20,0
78,0,1,18,1
78,0,2,17,5
78,0,3,20,4
78,0,4,17,5
78,0,5,18,1
78,0,6,20,0
78,1,0,17,0
78,1,1,15,1
78,1,2,14,4
78,1,3,17,4
78,1,4,14,4
78,1,5,15,1
78,1,6,17,0
78,2,0,14,0
78,2,1,12,0
78,2,2,11,4
78,2,3,14,3
78,2,4,11,4
78,2,5,12,0
78,2,6,14,0
78,3,0,11,0
78,3,1,9,0
78,3,2,9,2
78,3,3,11,2
78,3,4,8,3
78,3,5,9,0
78,3,6,11,0
78,4,0,8,0
78,4,1,6,0
78,4,2,5,2
78,4,3,8,2
78,4,4,5,2
78,4,5,6,0
78,4,6,8,0
78,5,0,5,0
78,5,1,3,0
78,5,2,2,1
78,5,3,5,1
78,5,4,2,1
78,5,5,3,0
78,5,6,5,0
78,6,0,2,0
78,6,1,0,0
78,6,2,-1,1
78,6,3,2,1
78,6,4,-1,1
78,6,5,0,0
78,6,6,2,0
79,0,0,20,0
79,0,1,18,1
79,0,2,17,5
79,0,3,20,4
79,0,4,17,5
79,0,5,18,1
79,0,6,20,0
79,1,0,17,0
79,1,1,15,1
79,1,2,14,4
79,1,3,17,4
79,1,4,14,4
79,1,5,15,1
79,1,6,17,0
79,2,0,14,0
79,2,1,12,0
79,2,2,11,4
79,2,3,14,3
79,2,4,11,4
79,2,5,12,0
79,2,6,14,0
79,3,0,11,0
79,3,1,9,0
79,3,2,9,2
79,3,3,11,2
79,3,4,8,3
79,3,5,9,0
79,3,6,11,0
79,4,0,8,0
79,4,1,6,0
79,4,2,5,2
79,4,3,8,2
79,4,4,5,2
79,4,5,6,0
79,4,6,8,0
79,5,0,5,0
79,5,1,3,0
79,5,2,2,1
79,5,3,5,1
79,5,4,2,1
79,5,5,3,0
79,5,6,5,0
79,6,0,2,0
79,6,1,0,0
79,6,2,-1,1
79,6,3,2,1
79,6,4,-1,1
79,6,5,0,0
79,6,6,2,0
80,0,0,20,0
80,0,1,18,1
80,0,2,17,5
80,0,3,20,4
80,0,4,17,5
80,0,5,18,1
80,0,6,20,0
80,1,0,17,0
80,1,1,15,1
80,1,2,14,4
80,1,3,17,4
80,1,4,14,4
80,1,5,15,1
80,1,6,17,0
80,2,0,14,0
80,2,1,12,0
80,2,2,11,4
80,2,3,14,3
80,2,4,11,4
80,2,5,12,0
80,2,6,14,0
80,3,0,11,0
80,3,1,9,0
80,3,2,9,2
80,3,3,11,2
80,3,4,8,3
80,3,5,9,0
80,3,6,11,0
80,4,0,8,0
80,4,1,6,0
80,4,2,5,2
80,4,3,8,2
80,4,4,5,2
80,4,5,6,0
80,4,6,8,0
80,5,0,5,0
80,5,1,3,0
80,5,2,2,1
80,5,3,5,1
80,5,4,2,1
80,5,5,3,0
80,5,6,5,0
80,6,0,2,0
80,6,1,0,0
80,6,2,-1,1
80,6,3,2,1
80,6,4,-1,1
80,6,5,0,0
80,6,6,2,0
81,0,0,20,0
81,0,1,18,1
81,0,2,17,5
81,0,3,20,4
81,0,4,17,5
81,0,5,18,1
81,0,6,20,0
81,1,0,17,0
81,1,1,15,1
81,1,2,14,4
81,1,3,17,4
81,1,4,14,4
81,1,5,15,1
81,1,6,17,0
81,2,0,14,0
81,2,1,12,0
81,2,2,11,4
81,2,3,14,3
81,2,4,11,4
81,2,5,12,0
81,2,6,14,0
81,3,0,11,0
81,3,1,9,0
81,3,2,9,2
81,3,3,11,2
81,3,4,8,3
81,3,5,9,0
81,3,6,11,0
81,4,0,8,0
81,4,1,6,0
81,4,2,5,2
81,4,3,8,2
81,4,4,5,2
81,4,5,6,0
81,4,6,8,0
81,5,0,5,0
81,5,1,3,0
81,5,2,2,1
81,5,3,5,1
81,5,4,2,1
81,5,5,3,0
81,5,6,5,0
81,6,0,2,0
81,6,1,0,0
81,6,2,-1,1
81,6,3,2,1
81,6,4,-1,1
81,6,5,0,0
81,6,6,2,0
82,0,0,20,0
82,0,1,18,1
82,0,2,17,5
82,0,3,20,4
82,0,4,17,5
82,0,5,18,1
82,0,6,20,0
82,1,0,17,0
82,1,1,15,1
82,1,2,14,4
82,1,3,17,4
82,1,4,14,4
82,1,5,15,1
82,1,6,17,0
82,2,0,14,0
82,2,1,12,0
82,2,2,11,4
82,2,3,14,3
82,2,4,11,4
82,2,5,12,0
82,2,6,14,0
82,3,0,11,0
82,3,1,9,0
82,3,2,9,2
82,3,3,11,2
82,3,4,8,3
82,3,5,9,0
82,3,6,11,0
82,4,0,8,0
82,4,1,6,0
82,4,2,5,2
82,4,3,8,2
82,4,4,5,2
82,4,5,6,0
82,4,6,8,0
82,5,0,5,0
82,5,1,3,0
82,5,2,2,1
82,5,3,5,1
82,5,4,2,1
82,5,5,3,0
82,5,6,5,0
82,6,0,2,0
82,6,1,0,0
82,6,2,-1,1
82,6,3,2,1
82,6,4,-1,1
82,6,5,0,0
82,6,6,2,0
83,0,0,20,0
83,0,1,18,1
83,0,2,17,5
83,0,3,20,4
83,0,4,17,5
83,0,5,18,1
83,0,6,20,0
83,1,0,17,0
83,1,1,15,1
83,1,2,14,4
83,1,3,17,4
83,1,4,14,4
83,1,5,15,1
83,1,6,17,0
83,2,0,14,0
83,2,1,12,0
83,2,2,11,4
83,2,3,14,3
83,2,4,11,4
83,2,5,12,0
83,2,6,14,0
83,3,0,11,0
83,3,1,9,0
83,3,2,9,2
83,3,3,11,2
83,3,4,8,3
83,3,5,9,0
83,3,6,11,0
83,4,0,8,0
83,4,1,6,0
83,4,2,5,2
83,4,3,8,2
83,4,4,5,2
83,4,5,6,0
83,4,6,8,0
83,5,0,5,0
83,5,1,3,0
83,5,2,2,1
83,5,3,5,1
83,5,4,2,1
83,5,5,3,0
83,5,6,5,0
83,6,0,2,0
83,6,1,0,0
83,6,2,-1,1
83,6,3,2,1
83,6,4,-1,1
83,6,5,0,0
83,6,6,2,0
84,0,0,20,0
84,0,1,18,1
84,0,2,17,5
84,0,3,20,4
84,0,4,17,5
84,0,5,18,1
84,0,6,20,0
84,1,0,17,0
84,1,1,15,1
84,1,2,14,4
84,1,3,17,4
84,1,4,14,4
84,1,5,15,1
84,1,6,17,0
84,2,0,14,0
84,2,1,12,0
84,2,2,11,4
84,2,3,14,3
84,2,4,11,4
84,2,5,12,0
84,2,6,14,0
84,3,0,11,0
84,3,1,9,0
84,3,2,9,2
84,3,3,11,2
84,3,4,8,3
84,3,5,9,0
84,3,6,11,0
84,4,0,8,0
84,4,1,6,0
84,4,2,5,2
84,4,3,8,2
84,4,4,5,2
84,4,5,6,0
84,4,6,8,0
84,5,0,5,0
84,5,1,3,0
84,5,2,2,1
84,5,3,5,1
84,5,4,2,1
84,5,5,3,0
84,5,6,5,0
84,6,0,2,0
84,6,1,0,0
84,6,2,-1,1
84,6,3,2,1
84,6,4,-1,1
84,6,5,0,0
84,6,6,2,0
85,0,0,20,0
85,0,1,18,1
85,0,2,17,5
85,0,3,20,4
85,0,4,17,5
85,0,5,18,1
85,0,6,20,0
85,1,0,17,0
85,1,1,15,1
85,1,2,14,4
85,1,3,17,4
85,1,4,14,4
85,1,5,15,1
85,1,6,17,0
85,2,0,14,0
85,2,1,12,0
85,2,2,11,4
85,2,3,14,3
85,2,4,11,4
85,2,5,12,0
85,2,6,14,0
85,3,0,11,0
85,3,1,9,0
85,3,2,9,2
85,3,3,11,2
85,3,4,8,3
85,3,5,9,0
85,3,6,11,0
85,4,0,8,0
85,4,1,6,0
85,4,2,5,2
85,4,3,8,2
85,4,4,5,2
85,4,5,6,0
85,4,6,8,0
85,5,0,5,0
85,5,1,3,0
85,5,2,2,1
85,5,3,5,1
85,5,4,2,1
85,5,5,3,0
85,5,6,5,0
85,6,0,2,0
85,6,1,0,0
85,6,2,-1,1
85,6,3,2,1
85,6,4,-1,1
85,6,5,0,0
85,6,6,2,0
86,0,0,20,0
86,0,1,18,1
86,0,2,17,5
86,0,3,20,4
86,0,4,17,5
86,0,5,18,1
86,0,6,20,0
86,1,0,17,0
86,1,1,15,1
86,1,2,14,4
86,1,3,17,4
86,1,4,14,4
86,1,5,15,1
86,1,6,17,0
86,2,0,14,0
86,2,1,12,0
86,2,2,11,4
86,2,3,14,3
86,2,4,11,4
86,2,5,12,0
86,2,6,14,0
86,3,0,11,0
86,3,1,9,0
86,3,2,9,2
86,3,3,11,2
86,3,4,8,3
86,3,5,9,0
86,3,6,11,0
86,4,0,8,0
86,4,1,6,0
86,4,2,5,2
86,4,3,8,2
86,4,4,5,2
86,4,5,6,0
86,4,6,8,0
86,5,0,5,0
86,5,1,3,0
86,5,2,2,1
86,5,3,5,1
86,5,4,2,1
86,5,5,3,0
86,5,6,5,0
86,6,0,2,0
86,6,1,0,0
86,6,2,-1,1
86,6,3,2,1
86,6,4,-1,1
86,6,5,0,0
86,6,6,2,0
87,0,0,20,0
87,0,1,18,1
87,0,2,17,5
87,0,3,20,4
87,0,4,17,5
87,0,5,18,1
87,0,6,20,0
87,1,0,17,0
87,1,1,15,1
87,1,2,14,4
87,1,3,17,4
87,1,4,14,4
87,1,5,15,1
87,1,6,17,0
87,2,0,14,0
87,2,1,12,0
87,2,2,11,4
87,2,3,14,3
87,2,4,11,4
87,2,5,12,0
87,2,6,14,0
87,3,0,11,0
87,3,1,9,0
87,3,2,9,2
87,3,3,11,2
87,3,4,8,3
87,3,5,9,0
87,3,6,11,0
87,4,0,8,0
87,4,1,6,0
87,4,2,5,2
87,4,3,8,2
87,4,4,5,2
87,4,5,6,0
87,4,6,8,0
87,5,0,5,0
87,5,1,3,0
87,5,2,2,1
87,5,3,5,1
87,5,4,2,1
87,5,5,3,0
87,5,6,5,0
87,6,0,2,0
87,6,1,0,0
87,6,2,-1,1
87,6,3,2,1
87,6,4,-1,1
87,6,5,0,0
87,6,6,2,0
88,0,0,20,0
88,0,1,18,1
88,0,2,17,5
88,0,3,20,4
88,0,4,17,5
88,0,5,18,1
88,0,6,20,0
88,1,0,17,0
88,1,1,15,1
88,1,2,14,4
88,1,3,17,4
88,1,4,14,4
88,1,5,15,1
88,1,6,17,0
88,2,0,14,0
88,2,1,12,0
88,2,2,11,4
88,2,3,14,3
88,2,4,11,4
88,2,5,12,0
88,2,6,14,0
88,3,0,11,0
88,3,1,9,0
88,3,2,9,2
88,3,3,11,2
88,3,4,8,3
88,3,5,9,0
88,3,6,11,0
88,4,0,8,0
88,4,1,6,0
88,4,2,5,2
88,4,3,8,2
88,4,4,5,2
88,4,5,6,0
88,4,6,8,0
88,5,0,5,0
88,5,1,3,0
88,5,2,2,1
88,5,3,5,1
88,5,4,2,1
88,5,5,3,0
88,5,6,5,0
88,6,0,2,0
88,6,1,0,0
88,6,2,-1,1
88,6,3,2,1
88,6,4,-1,1
88,6,5,0,0
88,6,6,2,0
89,0,0,20,0
89,0,1,18,1
89,0,2,17,5
89,0,3,20,4
89,0,4,17,5
89,0,5,18,1
89,0,6,20,0
89,1,0,17,0
89,1,1,15,1
89,1,2,14,4
89,1,3,17,4
89,1,4,14,4
89,1,5,15,1
89,1,6,17,0
89,2,0,14,0
89,2,1,12,0
89,2,2,11,4
89,2,3,14,3
89,2,4,11,4
89,2,5,12,0
89,2,6,14,0
89,3,0,11,0
89,3,1,9,0
89,3,2,9,2
89,3,3,11,2
89,3,4,8,3
89,3,5,9,0
89,3,6,11,0
89,4,0,8,0
89,4,1,6,0
89,4,2,5,2
89,4,3,8,2
89,4,4,5,2
89,4,5,6,0
89,4,6,8,0
89,5,0,5,0
89,5,1,3,0
89,5,2,2,1
89,5,3,5,1
89,5,4,2,1
89,5,5,3,0
89,5,6,5,0
89,6,0,2,0
89,6,1,0,0
89,6,2,-1,1
89,6,3,2,1
89,6,4,-1,1
89,6,5,0,0
89,6,6,2,0
90,0,0,20,0
90,0,1,18,1
90,0,2,17,5
90,0,3,20,4
90,0,4,17,5
90,0,5,18,1
90,0,6,20,0
90,1,0,17,0
90,1,1,15,1
90,1,2,14,4
90,1,3,17,4
90,1,4,14,4
90,1,5,15,1
90,1,6,17,0
90,2,0,14,0
90,2,1,12,0
90,2,2,11,4
90,2,3,14,3
90,2,4,11,4
90,2,5,12,0
90,2,6,14,0
90,3,0,11,0
90,3,1,9,0
90,3,2,9,2
90,3,3,11,2
90,3,4,8,3
90,3,5,9,0
90,3,6,11,0
90,4,0,8,0
90,4,1,6,0
90,4,2,5,2
90,4,3,8,2
90,4,4,5,2
90,4,5,6,0
90,4,6,8,0
90,5,0,5,0
90,5,1,3,0
90,5,2,2,1
90,5,3,5,1
90,5,4,2,1
90,5,5,3,0
90,5,6,5,0
90,6,0,2,0
90,6,1,0,0
90,6,2,-1,1
90,6,3,2,1
90,6,4,-1,1
90,6,5,0,0
90,6,6,2,0
91,0,0,20,0
91,0,1,18,1
91,0,2,17,5
91,0,3,20,4
91,0,4,17,5
91,0,5,18,1
91,0,6,20,0
91,1,0,17,0
91,1,1,15,1
91,1,2,14,4
91,1,3,17,4
91,1,4,14,4
91,1,5,15,1
91,1,6,17,0
91,2,0,14,0
91,2,1,12,0
91,2,2,11,4
91,2,3,14,3
91,2,4,11,4
91,2,5,12,0
91,2,6,14,0
91,3,0,11,0
91,3,1,9,0
91,3,2,9,2
91,3,3,11,2
91,3,4,8,3
91,3,5,9,0
91,3,6,11,0
91,4,0,8,0
91,4,1,6,0
91,4,2,5,2
91,4,3,8,2
91,4,4,5,2
91,4,5,6,0
91,4,6,8,0
91,5,0,5,0
91,5,1,3,0
91,5,2,2,1
91,5,3,5,1
91,5,4,2,1
91,5,5,3,0
91,5,6,5,0
91,6,0,2,0
91,6,1,0,0
91,6,2,-1,1
91,6,3,2,1
91,6,4,-1,1
91,6,5,0,0
91,6,6,2,0
92,0,0,20,0
92,0,1,18,1
92,0,2,17,5
92,0,3,20,4
92,0,4,17,5
92,0,5,18,1
92,0,6,20,0
92,1,0,17,0
92,1,1,15,1
92,1,2,14,4
92,1,3,17,4
92,1,4,14,4
92,1,5,15,1
92,1,6,17,0
92,2,0,14,0
92,2,1,12,0
92,2,2,11,4
92,2,3,14,3
92,2,4,11,4
92,2,5,12,0
92,2,6,14,0
92,3,0,11,0
92,3,1,9,0
92,3,2,9,2
92,3,3,11,2
92,3,4,8,3
92,3,5,9,0
92,3,6,11,0
92,4,0,8,0
92,4,1,6,0
92,4,2,5,2
92,4,3,8,2
92,4,4,5,2
92,4,5,6,0
92,4,6,8,0
92,5,0,5,0
92,5,1,3,0
92,5,2,2,1
92,5,3,5,1
92,5,4,2,1
92,5,5,3,0
92,5,6,5,0
92,6,0,2,0
92,6,1,0,0
92,6,2,-1,1
92,6,3,2,1
92,6,4,-1,1
92,6,5,0,0
92,6,6,2,0
93,0,0,20,0
93,0,1,18,1
93,0,2,17,5
93,0,3,20,4
93,0,4,17,5
93,0,5,18,1
93,0,6,20,0
93,1,0,17,0
93,1,1,15,1
93,1,2,14,4
93,1,3,17,4
93,1,4,14,4
93,1,5,15,1
93,1,6,17,0
93,2,0,14,0
93,2,1,12,0
93,2,2,11,4
93,2,3,14,3
93,2,4,11,4
93,2,5,12,0
93,2,6,14,0
93,3,0,11,0
93,3,1,9,0
93,3,2,9,2
93,3,3,11,2
93,3,4,8,3
93,3,5,9,0
93,3,6,11,0
93,4,0,8,0
93,4,1,6,0
93,4,2,5,2
93,4,3,8,2
93,4,4,5,2
93,4,5,6,0
93,4,6,8,0
93,5,0,5,0
93,5,1,3,0
93,5,2,2,1
93,5,3,5,1
93,5,4,2,1
93,5,5,3,0
93,5,6,5,0
93,6,0,2,0
93,6,1,0,0
93,6,2,-1,1
93,6,3,2,1
93,6,4,-1,1
93,6,5,0,0
93,6,6,2,0
94,0,0,20,0
94,0,1,18,1
94,0,2,17,5
94,0,3,20,4
94,0,4,17,5
94,0,5,18,1
94,0,6,20,0
94,1,0,17,0
94,1,1,15,1
94,1,2,14,4
94,1,3,17,4
94,1,4,14,4
94,1,5,15,1
94,1,6,17,0
94,2,0,14,0
94,2,1,12,0
94,2,2,11,4
94,2,3,14,3
94,2,4,11,4
94,2,5,12,0
94,2,6,14,0
94,3,0,11,0
94,3,1,9,0
94,3,2,9,2
94,3,3,11,2
94,3,4,8,3
94,3,5,9,0
94,3,6,11,0
94,4,0,8,0
94,4,1,6,0
94,4,2,5,2
94,4,3,8,2
94,4,4,5,2
94,4,5,6,0
94,4,6,8,0
94,5,0,5,0
94,5,1,3,0
94,5,2,2,1
94,5,3,5,1
94,5,4,2,1
94,5,5,3,0
94,5,6,5,0
94,6,0,2,0
94,6,1,0,0
94,6,2,-1,1
94,6,3,2,1
94,6,4,-1,1
94,6,5,0,0
94,6,6,2,0
95,0,0,20,0
95,0,1,18,1
95,0,2,17,5
95,0,3,20,4
95,0,4,17,5
95,0,5,18,1
95,0,6,20,0
95,1,0,17,0
95,1,1,15,1
95,1,2,14,4
95,1,3,17,4
95,1,4,14,4
95,1,5,15,1
95,1,6,17,0
95,2,0,14,0
95,2,1,12,0
95,2,2,11,4
95,2,3,14,3
95,2,4,11,4
95,2,5,12,0
95,2,6,14,0
95,3,0,11,0
95,3,1,9,0
95,3,2,9,2
95,3,3,11,2
95,3,4,8,3
95,3,5,9,0
95,3,6,11,0
95,4,0,8,0
95,4,1,6,0
95,4,2,5,2
95,4,3,8,2
95,4,4,5,2
95,4,5,6,0
95,4,6,8,0
95,5,0,5,0
95,5,1,3,0
95,5,2,2,1
95,5,3,5,1
95,5,4,2,1
95,5,5,3,0
95,5,6,5,0
95,6,0,2,0
95,6,1,0,0
95,6,2,-1,1
95,6,3,2,1
95,6,4,-1,1
95,6,5,0,0
95,6,6,2,0
96,0,0,20,0
96,0,1,18,1
96,0,2,17,5
96,0,3,20,4
96,0,4,17,5
96,0,5,18,1
96,0,6,20,0
96,1,0,17,0
96,1,1,15,1
96,1,2,14,4
96,1,3,17,4
96,1,4,14,4
96,1,5,15,1
96,1,6,17,0
96,2,0,14,0
96,2,1,12,0
96,2,2,11,4
96,2,3,14,3
96,2,4,11,4
96,2,5,12,0
96,2,6,14,0
96,3,0,11,0
96,3,1,9,0
96,3,2,9,2
96,3,3,11,2
96,3,4,8,3
96,3,5,9,0
96,3,6,11,0
96,4,0,8,0
96,4,1,6,0
96,4,2,5,2
96,4,3,8,2
96,4,4,5,2
96,4,5,6,0
96,4,6,8,0
96,5,0,5,0
96,5,1,3,0
96,5,2,2,1
96,5,3,5,1
96,5,4,2,1
96,5,5,3,0
96,5,6,5,0
96,6,0,2,0
96,6,1,0,0
96,6,2,-1,1
96,6,3,2,1
96,6,4,-1,1
96,6,5,0,0
96,6,6,2,0
97,0,0,20,0
97,0,1,18,1
97,0,2,17,5
97,0,3,20,4
97,0,4,17,5
97,0,5,18,1
97,0,6,20,0
97,1,0,17,0
97,1,1,15,1
97,1,2,14,4
97,1,3,17,4
97,1,4,14,4
97,1,5,15,1
97,1,6,17,0
97,2,0,14,0
97,2,1,12,0
97,2,2,11,4
97,2,3,14,3
97,2,4,11,4
97,2,5,12,0
97,2,6,14,0
97,3,0,11,0
97,3,1,9,0
97,3,2,9,2
97,3,3,11,2
97,3,4,8,3
97,3,5,9,0
97,3,6,11,0
97,4,0,8,0
97,4,1,6,0
97,4,2,5,2
97,4,3,8,2
97,4,4,5,2
97,4,5,6,0
97,4,6,8,0
97,5,0,5,0
97,5,1,3,0
97,5,2,2,1
97,5,3,5,1
97,5,4,2,1
97,5,5,3,0
97,5,6,5,0
97,6,0,2,0
97,6,1,0,0
97,6,2,-1,1
97,6,3,2,1
97,6,4,-1,1
97,6,5,0,0
97,6,6,2,0
98,0,0,20,0
98,0,1,18,1
98,0,2,17,5
98,0,3,20,4
98,0,4,17,5
98,0,5,18,1
98,0,6,20,0
98,1,0,17,0
98,1,1,15,1
98,1,2,14,4
98,1,3,17,4
98,1,4,14,4
98,1,5,15,1
98,1,6,17,0
98,2,0,14,0
98,2,1,12,0
98,2,2,11,4
98,2,3,14,3
98,2,4,11,4
98,2,5,12,0
98,2,6,14,0
98,3,0,11,0
98,3,1,9,0
98,3,2,9,2
98,3,3,11,2
98,3,4,8,3
98,3,5,9,0
98,3,6,11,0
98,4,0,8,0
98,4,1,6,0
98,4,2,5,2
98,4,3,8,2
98,4,4,5,2
98,4,5,6,0
98,4,6,8,0
98,5,0,5,0
98,5,1,3,0
98,5,2,2,1
98,5,3,5,1
98,5,4,2,1
98,5,5,3,0
98,5,6,5,0
98,6,0,2,0
98,6,1,0,0
98,6,2,-1,1
98,6,3,2,1
98,6,4,-1,1
98,6,5,0,0
98,6,6,2,0
99,0,0,20,0
99,0,1,18,1
99,0,2,17,5
99,0,3,20,4
99,0,4,17,5
99,0,5,18,1
99,0,6,20,0
99,1,0,17,0
99,1,1,15,1
99,1,2,14,4
99,1,3,17,4
99,1,4,14,4
99,1,5,15,1
99,1,6,17,0
99,2,0,14,0
99,2,1,12,0
99,2,2,11,4
99,2,3,14,3
99,2,4,11,4
99,2,5,12,0
99,2,6,14,0
99,3,0,11,0
99,3,1,9,0
99,3,2,9,2
99,3,3,11,2
99,3,4,8,3
99,3,5,9,0
99,3,6,11,0
99,4,0,8,0
99,4,1,6,0
99,4,2,5,2
99,4,3,8,2
99,4,4,5,2
99,4,5,6,0
99,4,6,8,0
99,5,0,5,0
99,5,1,3,0
99,5,2,2,1
99,5,3,5,1
99,5,4,2,1
99,5,5,3,0
99,5,6,5,0
99,6,0,2,0
99,6,1,0,0
99,6,2,-1,1
99,6,3,2,1
99,6,4,-1,1
99,6,5,0,0
99,6,6,2,0
100,0,0,20,0
100,0,1,18,1
100,0,2,17,5
100,0,3,20,4
100,0,4,17,5
100,0,5,18,1
100,0,6,20,0
100,1,0,17,0
100,1,1,15,1
100,1,2,14,4
100,1,3,17,4
100,1,4,14,4
100,1,5,15,1
100,1,6,17,0
100,2,0,14,0
100,2,1,12,0
100,2,2,11,4
100,2,3,14,3
100,2,4,11,4
100,2,5,12,0
100,2,6,14,0
100,3,0,11,0
100,3,1,9,0
100,3,2,9,2
100,3,3,11,2
100,3,4,8,3
100,3,5,9,0
100,3,6,11,0
100,4,0,8,0
100,4,1,6,0
100,4,2,5,2
100,4,3,8,2
100,4,4,5,2
100,4,5,6,0
100,4,6,8,0
100,5,0,5,0
100,5,1,3,0
100,5,2,2,1
100,5,3,5,1
100,5,4,2,1
100,5,5,3,0
100,5,6,5,0
100,6,0,2,0
100,6,1,0,0
100,6,2,-1,1
100,6,3,2,1
100,6,4,-1,1
100,6,5,0,0
100,6,6,2,0
101,0,0,20,0
101,0,1,18,1
101,0,2,17,5
101,0,3,20,4
101,0,4,17,5
101,0,5,18,1
101,0,6,20,0
101,1,0,17,0
101,1,1,15,1
101,1,2,14,4
101,1,3,17,4
101,1,4,14,4
101,1,5,15,1
101,1,6,17,0
101,2,0,14,0
101,2,1,12,0
101,2,2,11,4
101,2,3,14,3
101,2,4,11,4
101,2,5,12,0
101,2,6,14,0
101,3,0,11,0
101,3,1,9,0
101,3,2,9,2
101,3,3,11,2
101,3,4,8,3
101,3,5,9,0
101,3,6,11,0
101,4,0,8,0
101,4,1,6,0
101,4,2,5,2
101,4,3,8,2
101,4,4,5,2
101,4,5,6,0
101,4,6,8,0
101,5,0,5,0
101,5,1,3,0
101,5,2,2,1
101,5,3,5,1
101,5,4,2,1
101,5,5,3,0
101,5,6,5,0
101,6,0,2,0
101,6,1,0,0
101,6,2,-1,1
101,6,3,2,1
101,6,4,-1,1
101,6,5,0,0
101,6,6,2,0
102,0,0,20,0
102,0,1,18,1
102,0,2,17,5
102,0,3,20,4
102,0,4,17,5
102,0,5,18,1
102,0,6,20,0
102,1,0,17,0
102,1,1,15,1
102,1,2,14,4
102,1,3,17,4
102,1,4,14,4
102,1,5,15,1
102,1,6,17,0
102,2,0,14,0
102,2,1,12,0
102,2,2,11,4
102,2,3,14,3
102,2,4,11,4
102,2,5,12,0
102,2,6,14,0
102,3,0,11,0
102,3,1,9,0
102,3,2,9,2
102,3,3,11,2
102,3,4,8,3
102,3,5,9,0
102,3,6,11,0
102,4,0,8,0
102,4,1,6,0
102,4,2,5,2
102,4,3,8,2
102,4,4,5,2
102,4,5,6,0
102,4,6,8,0
102,5,0,5,0
102,5,1,3,0
102,5,2,2,1
102,5,3,5,1
102,5,4,2,1
102,5,5,3,0
102,5,6,5,0
102,6,0,2,0
102,6,1,0,0
102,6,2,-1,1
102,6,3,2,1
102,6,4,-1,1
102,6,5,0,0
102,6,6,2,0
103,0,0,20,0
103,0,1,18,1
103,0,2,17,5
103,0,3,20,4
103,0,4,17,5
103,0,5,18,1
103,0,6,20,0
103,1,0,17,0
103,1,1,15,1
103,1,2,14,4
103,1,3,17,4
103,1,4,14,4
103,1,5,15,1
103,1,6,17,0
103,2,0,14,0
103,2,1,12,0
103,2,2,11,4
103,2,3,14,3
103,2,4,11,4
103,2,5,12,0
103,2,6,14,0
103,3,0,11,0
103,3,1,9,0
103,3,2,9,2
103,3,3,11,2
103,3,4,8,3
103,3,5,9,0
103,3,6,11,0
103,4,0,8,0
103,4,1,6,0
103,4,2,5,2
103,4,3,8,2
103,4,4,5,2
103,4,5,6,0
103,4,6,8,0
103,5,0,5,0
103,5,1,3,0
103,5,2,2,1
103,5,3,5,1
103,5,4,2,1
103,5,5,3,0
103,5,6,5,0
103,6,0,2,0
103,6,1,0,0
103,6,2,-1,1
103,6,3,2,1
103,6,4,-1,1
103,6,5,0,0
103,6,6,2,0
104,0,0,20,0
104,0,1,18,1
104,0,2,17,5
104,0,3,20,4
104,0,4,17,5
104,0,5,18,1
104,0,6,20,0
104,1,0,17,0
104,1,1,15,1
104,1,2,14,4
104,1,3,17,4
104,1,4,14,4
104,1,5,15,1
104,1,6,17,0
104,2,0,14,0
104,2,1,12,0
104,2,2,11,4
104,2,3,14,3
104,2,4,11,4
104,2,5,12,0
104,2,6,14,0
104,3,0,11,0
104,3,1,9,0
104,3,2,9,2
104,3,3,11,2
104,3,4,8,3
104,3,5,9,0
104,3,6,11,0
104,4,0,8,0
104,4,1,6,0
104,4,2,5,2
104,4,3,8,2
104,4,4,5,2
104,4,5,6,0
104,4,6,8,0
104,5,0,5,0
104,5,1,3,0
104,5,2,2,1
104,5,3,5,1
104,5,4,2,1
104,5,5,3,0
104,5,6,5,0
104,6,0,2,0
104,6,1,0,0
104,6,2,-1,1
104,6,3,2,1
104,6,4,-1,1
104,6,5,0,0
104,6,6,2,0
105,0,0,20,0
105,0,1,18,1
105,0,2,17,5
105,0,3,20,4
105,0,4,17,5
105,0,5,18,1
105,0,6,20,0
105,1,0,17,0
105,1,1,15,1
105,1,2,14,4
105,1,3,17,4
105,1,4,14,4
105,1,5,15,1
105,1,6,17,0
105,2,0,14,0
105,2,1,12,0
105,2,2,11,4
105,2,3,14,3
105,2,4,11,4
105,2,5,12,0
105,2,6,14,0
105,3,0,11,0
105,3,1,9,0
105,3,2,9,2
105,3,3,11,2
105,3,4,8,3
105,3,5,9,0
105,3,6,11,0
105,4,0,8,0
105,4,1,6,0
105,4,2,5,2
105,4,3,8,2
105,4,4,5,2
105,4,5,6,0
105,4,6,8,0
105,5,0,5,0
105,5,1,3,0
105,5,2,2,1
105,5,3,5,1
105,5,4,2,1
105,5,5,3,0
105,5,6,5,0
105,6,0,2,0
105,6,1,0,0
105,6,2,-1,1
105,6,3,2,1
105,6,4,-1,1
105,6,5,0,0
105,6,6,2,0
106,0,0,20,0
106,0,1,18,1
106,0,2,17,5
106,0,3,20,4
106,0,4,17,5
106,0,5,18,1
106,0,6,20,0
106,1,0,17,0
106,1,1,15,1
106,1,2,14,4
106,1,3,17,4
106,1,4,14,4
106,1,5,15,1
106,1,6,17,0
106,2,0,14,0
106,2,1,12,0
106,2,2,11,4
106,2,3,14,3
106,2,4,11,4
106,2,5,12,0
106,2,6,14,0
106,3,0,11,0
106,3,1,9,0
106,3,2,9,2
106,3,3,11,2
106,3,4,8,3
106,3,5,9,0
106,3,6,11,0
106,4,0,8,0
106,4,1,6,0
106,4,2,5,2
106,4,3,8,2
106,4,4,5,2
106,4,5,6,0
106,4,6,8,0
106,5,0,5,0
106,5,1,3,0
106,5,2,2,1
106,5,3,5,1
106,5,4,2,1
106,5,5,3,0
106,5,6,5,0
106,6,0,2,0
106,6,1,0,0
106,6,2,-1,1
106,6,3,2,1
106,6,4,-1,1
106,6,5,0,0
106,6,6,2,0
107,0,0,20,0
107,0,1,18,1
107,0,2,17,5
107,0,3,20,4
107,0,4,17,5
107,0,5,18,1
107,0,6,20,0
107,1,0,17,0
107,1,1,15,1
107,1,2,14,4
107,1,3,17,4
107,1,4,14,4
107,1,5,15,1
107,1,6,17,0
107,2,0,14,0
107,2,1,12,0
107,2,2,11,4
107,2,3,14,3
107,2,4,11,4
107,2,5,12,0
107,2,6,14,0
107,3,0,11,0
107,3,1,9,0
107,3,2,9,2
107,3,3,11,2
107,3,4,8,3
107,3,5,9,0
107,3,6,11,0
107,4,0,8,0
107,4,1,6,0
107,4,2,5,2
107,4,3,8,2
107,4,4,5,2
107,4,5,6,0
107,4,6,8,0
107,5,0,5,0
107,5,1,3,0
107,5,2,2,1
107,5,3,5,1
107,5,4,2,1
107,5,5,3,0
107,5,6,5,0
107,6,0,2,0
107,6,1,0,0
107,6,2,-1,1
107,6,3,2,1
107,6,4,-1,1
107,6,5,0,0
107,6,6,2,0
108,0,0,20,0
108,0,1,18,1
108,0,2,17,5
108,0,3,20,4
108,0,4,17,5
108,0,5,18,1
108,0,6,20,0
108,1,0,17,0
108,1,1,15,1
108,1,2,14,4
108,1,3,17,4
108,1,4,14,4
108,1,5,15,1
108,1,6,17,0
108,2,0,14,0
108,2,1,12,0
108,2,2,11,4
108,2,3,14,3
108,2,4,11,4
108,2,5,12,0
108,2,6,14,0
108,3,0,11,0
108,3,1,9,0
108,3,2,9,2
108,3,3,11,2
108,3,4,8,3
108,3,5,9,0
108,3,6,11,0
108,4,0,8,0
108,4,1,6,0
108,4,2,5,2
108,4,3,8,2
108,4,4,5,2
108,4,5,6,0
108,4,6,8,0
108,5,0,5,0
108,5,1,3,0
108,5,2,2,1
108,5,3,5,1
108,5,4,2,1
108,5,5,3,0
108,5,6,5,0
108,6,0,2,0
108,6,1,0,0
108,6,2,-1,1
108,6,3,2,1
108,6,4,-1,1
108,6,5,0,0
108,6,6,2,0
109,0,0,20,0
109,0,1,18,1
109,0,2,17,5
109,0,3,20,4
109,0,4,17,5
109,0,5,18,1
109,0,6,20,0
109,1,0,17,0
109,1,1,15,1
109,1,2,14,4
109,1,3,17,4
109,1,4,14,4
109,1,5,15,1
109,1,6,17,0
109,2,0,14,0
109,2,1,12,0
109,2,2,11,4
109,2,3,14,3
109,2,4,11,4
109,2,5,12,0
109,2,6,14,0
109,3,0,11,0
109,3,1,9,0
109,3,2,9,2
109,3,3,11,2
109,3,4,8,3
109,3,5,9,0
109,3,6,11,0
109,4,0,8,0
109,4,1,6,0
109,4,2,5,2
109,4,3,8,2
109,4,4,5,2
109,4,5,6,0
109,4,6,8,0
109,5,0,5,0
109,5,1,3,0
109,5,2,2,1
109,5,3,5,1
109,5,4,2,1
109,5,5,3,0
109,5,6,5,0
109,6,0,2,0
109,6,1,0,0
109,6,2,-1,1
109,6,3,2,1
109,6,4,-1,1
109,6,5,0,0
109,6,6,2,0
110,0,0,20,0
110,0,1,18,1
110,0,2,17,5
110,0,3,20,4
110,0,4,17,5
110,0,5,18,1
110,0,6,20,0
110,1,0,17,0
110,1,1,15,1
110,1,2,14,4
110,1,3,17,4
110,1,4,14,4
110,1,5,15,1
110,1,6,17,0
110,2,0,14,0
110,2,1,12,0
110,2,2,11,4
110,2,3,14,3
110,2,4,11,4
110,2,5,12,0
110,2,6,14,0
110,3,0,11,0
110,3,1,9,0
110,3,2,9,2
110,3,3,11,2
110,3,4,8,3
110,3,5,9,0
110,3,6,11,0
110,4,0,8,0
110,4,1,6,0
110,4,2,5,2
110,4,3,8,2
110,4,4,5,2
110,4,5,6,0
110,4,6,8,0
110,5,0,5,0
110,5,1,3,0
110,5,2,2,1
110,5,3,5,1
110,5,4,2,1
110,5,5,3,0
110,5,6,5,0
110,6,0,2,0
110,6,1,0,0
110,6,2,-1,1
110,6,3,2,1
110,6,4,-1,1
110,6,5,0,0
110,6,6,2,0
111,0,0,20,0
111,0,1,18,1
111,0,2,17,5
111,0,3,20,4
111,0,4,17,5
111,0,5,18,1
111,0,6,20,0
111,1,0,17,0
111,1,1,15,1
111,1,2,14,4
111,1,3,17,4
111,1,4,14,4
111,1,5,15,1
111,1,6,17,0
111,2,0,14,0
111,2,1,12,0
111,2,2,11,4
111,2,3,14,3
111,2,4,11,4
111,2,5,12,0
111,2,6,14,0
111,3,0,11,0
111,3,1,9,0
111,3,2,9,2
111,3,3,11,2
111,3,4,8,3
111,3,5,9,0
111,3,6,11,0
111,4,0,8,0
111,4,1,6,0
111,4,2,5,2
111,4,3,8,2
111,4,4,5,2
111,4,5,6,0
111,4,6,8,0
111,5,0,5,0
111,5,1,3,0
111,5,2,2,1
111,5,3,5,1
111,5,4,2,1
111,5,5,3,0
111,5,6,5,0
111,6,0,2,0
111,6,1,0,0
111,6,2,-1,1
111,6,3,2,1
111,6,4,-1,1
111,6,5,0,0
111,6,6,2,0
112,0,0,20,0
112,0,1,18,1
112,0,2,17,5
112,0,3,20,4
112,0,4,17,5
112,0,5,18,1
112,0,6,20,0
112,1,0,17,0
112,1,1,15,1
112,1,2,14,4
112,1,3,17,4
112,1,4,14,4
112,1,5,15,1
112,1,6,17,0
112,2,0,14,0
112,2,1,12,0
112,2,2,11,4
112,2,3,14,3
112,2,4,11,4
112,2,5,12,0
112,2,6,14,0
112,3,0,11,0
112,3,1,9,0
112,3,2,9,2
112,3,3,11,2
112,3,4,8,3
112,3,5,9,0
112,3,6,11,0
112,4,0,8,0
112,4,1,6,0
112,4,2,5,2
112,4,3,8,2
112,4,4,5,2
112,4,5,6,0
112,4,6,8,0
112,5,0,5,0
112,5,1,3,0
112,5,2,2,1
112,5,3,5,1
112,5,4,2,1
112,5,5,3,0
112,5,6,5,0
112,6,0,2,0
112,6,1,0,0
112,6,2,-1,1
112,6,3,2,1
112,6,4,-1,1
112,6,5,0,0
112,6,6,2,0
113,0,0,20,0
113,0,1,18,1
113,0,2,17,5
113,0,3,20,4
113,0,4,17,5
113,0,5,18,1
113,0,6,20,0
113,1,0,17,0
113,1,1,15,1
113,1,2,14,4
113,1,3,17,4
113,1,4,14,4
113,1,5,15,1
113,1,6,17,0
113,2,0,14,0
113,2,1,12,0
113,2,2,11,4
113,2,3,14,3
113,2,4,11,4
113,2,5,12,0
113,2,6,14,0
113,3,0,11,0
113,3,1,9,0
113,3,2,9,2
113,3,3,11,2
113,3,4,8,3
113,3,5,9,0
113,3,6,11,0
113,4,0,8,0
113,4,1,6,0
113,4,2,5,2
113,4,3,8,2
113,4,4,5,2
113,4,5,6,0
113,4,6,8,0
113,5,0,5,0
113,5,1,3,0
113,5,2,2,1
113,5,3,5,1
113,5,4,2,1
113,5,5,3,0
113,5,6,5,0
113,6,0,2,0
113,6,1,0,0
113,6,2,-1,1
113,6,3,2,1
113,6,4,-1,1
113,6,5,0,0
113,6,6,2,0
114,0,0,20,0
114,0,1,18,1
114,0,2,17,5
114,0,3,20,4
114,0,4,17,5
114,0,5,18,1
114,0,6,20,0
114,1,0,17,0
114,1,1,15,1
114,1,2,14,4
114,1,3,17,4
114,1,4,14,4
114,1,5,15,1
114,1,6,17,0
114,2,0,14,0
114,2,1,12,0
114,2,2,11,4
114,2,3,14,3
114,2,4,11,4
114,2,5,12,0
114,2,6,14,0
114,3,0,11,0
114,3,1,9,0
114,3,2,9,2
114,3,3,11,2
114,3,4,8,3
114,3,5,9,0
114,3,6,11,0
114,4,0,8,0
114,4,1,6,0
114,4,2,5,2
114,4,3,8,2
114,4,4,5,2
114,4,5,6,0
114,4,6,8,0
114,5,0,5,0
114,5,1,3,0
114,5,2,2,1
114,5,3,5,1
114,5,4,2,1
114,5,5,3,0
114,5,6,5,0
114,6,0,2,0
114,6,1,0,0
114,6,2,-1,1
114,6,3,2,1
114,6,4,-1,1
114,6,5,0,0
114,6,6,2,0
115,0,0,20,0
115,0,1,18,1
115,0,2,17,5
115,0,3,20,4
115,0,4,17,5
115,0,5,18,1
115,0,6,20,0
115,1,0,17,0
115,1,1,15,1
115,1,2,14,4
115,1,3,17,4
115,1,4,14,4
115,1,5,15,1
115,1,6,17,0
115,2,0,14,0
115,2,1,12,0
115,2,2,11,4
115,2,3,14,3
115,2,4,11,4
115,2,5,12,0
115,2,6,14,0
115,3,0,11,0
115,3,1,9,0
115,3,2,9,2
115,3,3,11,2
115,3,4,8,3
115,3,5,9,0
115,3,6,11,0
115,4,0,8,0
115,4,1,6,0
115,4,2,5,2
115,4,3,8,2
115,4,4,5,2
115,4,5,6,0
115,4,6,8,0
115,5,0,5,0
115,5,1,3,0
115,5,2,2,1
115,5,3,5,1
115,5,4,2,1
115,5,5,3,0
115,5,6,5,0
115,6,0,2,0
115,6,1,0,0
115,6,2,-1,1
115,6,3,2,1
115,6,4,-1,1
115,6,5,0,0
115,6,6,2,0
116,0,0,20,0
116,0,1,18,1
116,0,2,17,5
116,0,3,20,4
116,0,4,17,5
116,0,5,18,1
116,0,6,20,0
116,1,0,17,0
116,1,1,15,1
116,1,2,14,4
116,1,3,17,4
116,1,4,14,4
116,1,5,15,1
116,1,6,17,0
116,2,0,14,0
116,2,1,12,0
116,2,2,11,4
116,2,3,14,3
116,2,4,11,4
116,2,5,12,0
116,2,6,14,0
116,3,0,11,0
116,3,1,9,0
116,3,2,9,2
116,3,3,11,2
116,3,4,8,3
116,3,5,9,0
116,3,6,11,0
116,4,0,8,0
116,4,1,6,0
116,4,2,5,2
116,4,3,8,2
116,4,4,5,2
116,4,5,6,0
116,4,6,8,0
116,5,0,5,0
116,5,1,3,0
116,5,2,2,1
116,5,3,5,1
116,5,4,2,1
116,5,5,3,0
116,5,6,5,0
116,6,0,2,0
116,6,1,0,0
116,6,2,-1,1
116,6,3,2,1
116,6,4,-1,1
116,6,5,0,0
116,6,6,2,0
117,0,0,20,0
117,0,1,18,1
117,0,2,17,5
117,0,3,20,4
117,0,4,17,5
117,0,5,18,1
117,0,6,20,0
117,1,0,17,0
117,1,1,15,1
117,1,2,14,4
117,1,3,17,4
117,1,4,14,4
117,1,5,15,1
117,1,6,17,0
117,2,0,14,0
117,2,1,12,0
117,2,2,11,4
117,2,3,14,3
117,2,4,11,4
117,2,5,12,0
117,2,6,14,0
117,3,0,11,0
117,3,1,9,0
117,3,2,9,2
117,3,3,11,2
117,3,4,8,3
117,3,5,9,0
117,3,6,11,0
117,4,0,8,0
117,4,1,6,0
117,4,2,5,2
117,4,3,8,2
117,4,4,5,2
117,4,5,6,0
117,4,6,8,0
117,5,0,5,0
117,5,1,3,0
117,5,2,2,1
117,5,3,5,1
117,5,4,2,1
117,5,5,3,0
117,5,6,5,0
117,6,0,2,0
117,6,1,0,0
117,6,2,-1,1
117,6,3,2,1
117,6,4,-1,1
117,6,5,0,0
117,6,6,2,0
118,0,0,20,0
118,0,1,18,1
118,0,2,17,5
118,0,3,20,4
118,0,4,17,5
118,0,5,18,1
118,0,6,20,0
118,1,0,17,0
118,1,1,15,1
118,1,2,14,4
118,1,3,17,4
118,1,4,14,4
118,1,5,15,1
118,1,6,17,0
118,2,0,14,0
118,2,1,12,0
118,2,2,11,4
118,2,3,14,3
118,2,4,11,4
118,2,5,12,0
118,2,6,14,0
118,3,0,11,0
118,3,1,9,0
118,3,2,9,2
118,3,3,11,2
118,3,4,8,3
118,3,5,9,0
118,3,6,11,0
118,4,0,8,0
118,4,1,6,0
118,4,2,5,2
118,4,3,8,2
118,4,4,5,2
118,4,5,6,0
118,4,6,8,0
118,5,0,5,0
118,5,1,3,0
118,5,2,2,1
118,5,3,5,1
118,5,4,2,1
118,5,5,3,0
118,5,6,5,0
118,6,0,2,0
118,6,1,0,0
118,6,2,-1,1
118,6,3,2,1
118,6,4,-1,1
118,6,5,0,0
118,6,6,2,0
119,0,0,20,0
119,0,1,18,1
119,0,2,17,5
119,0,3,20,4
119,0,4,17,5
119,0,5,18,1
119,0,6,20,0
119,1,0,17,0
119,1,1,15,1
119,1,2,14,4
119,1,3,17,4
119,1,4,14,4
119,1,5,15,1
119,1,6,17,0
119,2,0,14,0
119,2,1,12,0
119,2,2,11,4
119,2,3,14,3
119,2,4,11,4
119,2,5,12,0
119,2,6,14,0
119,3,0,11,0
119,3,1,9,0
119,3,2,9,2
119,3,3,11,2
119,3,4,8,3
119,3,5,9,0
119,3,6,11,0
119,4,0,8,0
119,4,1,6,0
119,4,2,5,2
119,4,3,8,2
119,4,4,5,2
119,4,5,6,0
119,4,6,8,0
119,5,0,5,0
119,5,1,3,0
119,5,2,2,1
119,5,3,5,1
119,5,4,2,1
119,5,5,3,0
119,5,6,5,0
119,6,0,2,0
119,6,1,0,0
119,6,2,-1,1
119,6,3,2,1
119,6,4,-1,1
119,6,5,0,0
119,6,6,2,0
120,0,0,20,0
120,0,1,18,1
120,0,2,17,5
120,0,3,20,4
120,0,4,17,5
120,0,5,18,1
120,0,6,20,0
120,1,0,17,0
120,1,1,15,1
120,1,2,14,4
120,1,3,17,4
120,1,4,14,4
120,1,5,15,1
120,1,6,17,0
120,2,0,14,0
120,2,1,12,0
120,2,2,11,4
120,2,3,14,3
120,2,4,11,4
120,2,5,12,0
120,2,6,14,0
120,3,0,11,0
120,3,1,9,0
120,3,2,9,2
120,3,3,11,2
120,3,4,8,3
120,3,5,9,0
120,3,6,11,0
120,4,0,8,0
120,4,1,6,0
120,4,2,5,2
120,4,3,8,2
120,4,4,5,2
120,4,5,6,0
120,4,6,8,0
120,5,0,5,0
120,5,1,3,0
120,5,2,2,1
120,5,3,5,1
120,5,4,2,1
120,5,5,3,0
120,5,6,5,0
120,6,0,2,0
120,6,1,0,0
120,6,2,-1,1
120,6,3,2,1
120,6,4,-1,1
120,6,5,0,0
120,6,6,2,0
